,loan_amnt,term,int_rate,installment,sub_grade,emp_title,emp_length,home_ownership,annual_inc,purpose,addr_state,dti,delinq_2yrs,fico_range_high,inq_last_6mths,open_acc,pub_rec,revol_bal,revol_util,total_acc,acc_now_delinq,delinq_amnt,collections_12_mths_ex_med,application_type,credit_hist_years,prob_paid_back,loan_status,cagr
1117949,35000.0,0,16.49,1238.98,2,45639,1,4,185000.0,1,4,13.76,0.0,729.0,0.0,8.0,0.0,32043.0,110.3,11.0,0.0,0.0,0.0,0,7.1,0.9156416654586792,1,0.012113898988902028
1119243,1125.0,0,17.14,40.19,3,59913,3,4,23000.0,9,2,26.98,0.0,719.0,1.0,7.0,0.0,5561.0,78.3,12.0,0.0,0.0,0.0,0,9.3,0.9137721061706544,1,0.00932027009674652
1120105,1300.0,0,15.99,45.7,1,54469,2,0,16000.0,6,4,13.95,0.0,674.0,4.0,20.0,1.0,3666.0,15.8,46.0,0.0,0.0,0.0,0,16.4,0.9101133942604064,1,0.002807495209778521
1120231,25000.0,1,6.0,533.96,4,37473,10,4,65000.0,2,32,31.46,0.0,719.0,0.0,13.0,0.0,15484.0,80.6,32.0,0.0,0.0,0.0,0,13.4,0.9522725343704224,1,0.07440634861962958
1122575,35000.0,1,18.54,899.09,5,17320,10,0,400000.0,2,4,15.18,0.0,724.0,1.0,14.0,0.0,193014.0,35.9,32.0,0.0,0.0,0.0,0,15.8,0.9509878754615784,1,0.023246783550975536
1124508,1000.0,0,16.49,35.4,2,41516,2,4,28000.0,8,4,26.66,1.0,664.0,1.0,6.0,0.0,4958.0,97.2,14.0,0.0,0.0,0.0,0,11.5,0.9387803673744202,1,0.08391284351487571
1125208,35000.0,0,16.49,1238.98,2,23204,7,0,225000.0,2,4,8.11,1.0,694.0,2.0,10.0,0.0,31953.0,8.5,24.0,0.0,0.0,0.0,0,16.6,0.9255349040031432,1,0.05164650626242495
1125610,1000.0,0,17.86,36.09,4,54709,1,4,28000.0,2,3,14.66,0.0,689.0,1.0,3.0,0.0,1086.0,90.5,8.0,0.0,0.0,0.0,0,8.9,0.901309370994568,1,0.009712037633315296
1127729,2725.0,0,15.59,95.26,0,19005,5,0,40283.0,2,47,13.65,0.0,679.0,0.0,3.0,1.0,574.0,52.2,19.0,0.0,0.0,0.0,0,17.4,0.9427567124366759,1,0.07889759160572174
1128955,6400.0,0,15.59,223.72,0,18376,6,0,48000.0,4,44,0.63,0.0,664.0,1.0,2.0,0.0,745.0,24.8,19.0,0.0,0.0,0.0,0,18.1,0.9255654811859132,1,0.0780055983520278
1130687,1000.0,0,15.59,34.96,0,34654,10,4,46000.0,1,40,21.05,0.0,679.0,0.0,9.0,0.0,10665.0,81.4,18.0,0.0,0.0,0.0,0,14.1,0.9304480552673341,1,0.07553546849092885
1131242,25000.0,0,15.99,878.81,1,11997,1,4,200000.0,2,4,7.62,0.0,774.0,0.0,4.0,0.0,3223.0,36.2,11.0,0.0,0.0,0.0,0,17.9,0.9034642577171326,0,-0.07684323226275848
1131705,1000.0,0,15.99,35.16,1,16237,2,4,33280.0,2,13,5.76,0.0,694.0,0.0,16.0,0.0,578.0,36.1,16.0,0.0,0.0,0.0,0,3.2,0.9151711463928224,1,0.0812210067214314
1132169,7000.0,0,15.59,244.69,0,16644,6,0,58718.0,2,4,7.53,0.0,684.0,0.0,6.0,0.0,1815.0,27.9,19.0,0.0,0.0,0.0,0,11.4,0.9010011553764344,1,0.031226203482548343
1132576,6075.0,0,16.49,215.06,2,45266,10,4,90000.0,9,4,12.52,0.0,679.0,0.0,5.0,3.0,1155.0,26.2,6.0,0.0,0.0,0.0,0,7.0,0.9389887452125548,1,0.028744441287869908
1132821,10175.0,0,17.14,363.48,3,37483,4,0,50000.0,9,9,9.46,1.0,714.0,0.0,13.0,0.0,3273.0,17.6,41.0,1.0,2530.0,0.0,0,23.8,0.9249392747879028,1,0.0819035042443168
1133167,35000.0,0,18.54,1274.84,5,7240,2,0,185000.0,4,44,19.13,0.0,714.0,2.0,19.0,0.0,144870.0,49.7,26.0,0.0,0.0,0.0,0,23.2,0.940379798412323,1,0.03106139101725125
1133190,1375.0,0,17.86,49.62,4,1842,2,4,26000.0,2,28,5.08,0.0,734.0,0.0,6.0,0.0,1643.0,12.3,6.0,0.0,0.0,0.0,0,3.8,0.9435825943946838,1,0.09045227432513236
1133501,5600.0,0,15.99,196.86,1,7240,8,0,80000.0,6,4,6.71,0.0,674.0,0.0,4.0,0.0,4970.0,52.3,7.0,0.0,0.0,0.0,0,4.9,0.9191871881484984,1,0.08139328607155583
1133769,7800.0,0,16.49,276.12,2,58731,8,3,62000.0,2,4,8.73,0.0,694.0,1.0,4.0,1.0,1221.0,34.9,21.0,0.0,0.0,0.0,0,24.4,0.9091579914093018,1,0.01628051496784888
1134964,4825.0,0,16.49,170.81,2,43907,10,0,62000.0,9,31,1.26,1.0,669.0,0.0,5.0,1.0,2195.0,78.4,9.0,0.0,0.0,0.0,0,13.4,0.9122912287712096,1,0.06904500447824002
1135122,1400.0,0,15.99,49.22,1,29826,2,4,20000.0,9,6,28.21,0.0,709.0,1.0,8.0,0.0,1372.0,85.7,8.0,0.0,0.0,0.0,0,8.2,0.9103830456733704,1,0.08137804732321753
1138657,8000.0,0,17.86,288.66,4,29994,10,3,250000.0,9,9,10.61,1.0,664.0,2.0,21.0,0.0,14208.0,59.4,78.0,0.0,0.0,0.0,0,23.2,0.9052903056144714,1,0.04081982016797903
1138822,3750.0,0,17.14,133.96,3,12586,2,0,70000.0,1,13,4.87,0.0,674.0,0.0,5.0,0.0,5997.0,99.9,17.0,0.0,0.0,0.0,0,15.5,0.9308782815933228,1,0.0877065643021886
1140144,8000.0,0,15.99,281.22,1,54,3,0,18000.0,2,46,29.87,2.0,699.0,0.0,11.0,1.0,3426.0,44.5,19.0,0.0,0.0,0.0,0,16.2,0.9079943299293518,1,0.07595193375449094
1140734,1050.0,0,24.99,41.75,13,8571,10,0,49900.0,2,21,38.84,0.0,664.0,0.0,12.0,0.0,6810.0,71.7,51.0,0.0,0.0,0.0,0,18.0,0.9200856685638428,1,0.1270779208292947
1142700,2000.0,0,20.99,75.34,8,47738,7,0,52000.0,11,13,12.99,0.0,674.0,1.0,8.0,0.0,6695.0,65.6,11.0,0.0,0.0,0.0,0,9.9,0.9162649512290956,0,-0.11899477817620666
1144069,4000.0,0,15.99,140.61,1,47770,2,4,56000.0,8,14,2.14,0.0,709.0,1.0,2.0,0.0,2920.0,48.7,6.0,0.0,0.0,0.0,0,3.1,0.9254029989242554,1,0.07705625847395425
1144667,2000.0,0,16.49,70.8,2,31238,1,0,92400.0,4,4,12.99,0.0,724.0,1.0,11.0,0.0,4256.0,24.9,14.0,0.0,0.0,0.0,0,6.8,0.9087834358215332,1,0.08326590488452856
1146553,1925.0,0,15.59,67.29,0,60964,7,0,62000.0,2,6,10.99,0.0,664.0,0.0,3.0,0.0,1261.0,78.8,11.0,0.0,0.0,0.0,0,22.1,0.9268422126770021,0,-0.6757585764971006
1146596,2600.0,0,15.99,91.4,1,50421,0,3,7452.0,2,21,31.56,0.0,709.0,1.0,6.0,1.0,1975.0,26.7,26.0,0.0,0.0,0.0,0,19.3,0.918685257434845,1,0.02896449655598698
1146708,4625.0,0,15.99,162.58,1,23969,10,3,75000.0,0,39,9.36,0.0,709.0,0.0,5.0,0.0,1746.0,67.2,5.0,0.0,0.0,0.0,0,28.6,0.9094957113265992,1,0.07069616549713986
1147409,5000.0,0,15.59,174.78,0,2204,10,0,65000.0,2,10,2.53,0.0,664.0,0.0,5.0,1.0,3214.0,68.4,19.0,0.0,0.0,0.0,0,13.4,0.9216933846473694,1,0.07936812142059435
1147995,1700.0,0,15.59,59.43,0,5911,2,3,40000.0,2,39,7.11,0.0,664.0,0.0,5.0,0.0,5977.0,85.4,9.0,0.0,0.0,0.0,0,7.5,0.9039353728294371,1,0.07961274354279091
1148085,4350.0,0,16.49,153.99,2,39294,10,0,72000.0,2,15,11.15,1.0,679.0,0.0,7.0,3.0,1306.0,72.6,17.0,0.0,0.0,0.0,0,22.2,0.917846143245697,1,0.059071025520730285
1149391,28000.0,0,17.57,1006.24,3,13263,10,0,85711.0,2,41,11.92,3.0,664.0,0.0,20.0,0.0,13402.0,68.7,82.0,0.0,0.0,0.0,0,33.5,0.908103048801422,1,0.08700080344961769
1151518,2000.0,0,16.29,70.61,1,43257,10,0,45000.0,2,44,15.71,0.0,704.0,0.0,5.0,0.0,12468.0,99.7,9.0,0.0,0.0,0.0,0,24.5,0.9210125207901,1,0.08289293187076008
1153169,5975.0,0,15.61,208.92,0,39207,4,0,80000.0,2,15,1.25,0.0,669.0,0.0,3.0,1.0,1493.0,63.0,10.0,0.0,0.0,0.0,0,10.3,0.9025439620018004,1,0.04603309687394086
1155179,4075.0,0,15.61,142.49,0,41525,1,4,145000.0,4,13,6.75,0.0,684.0,0.0,8.0,0.0,1463.0,91.4,25.0,0.0,0.0,0.0,0,26.6,0.9062072038650512,1,0.07164217067739309
1155182,2000.0,0,16.99,71.3,2,55402,4,0,30000.0,9,6,31.16,0.0,714.0,1.0,9.0,0.0,2530.0,45.2,20.0,0.0,0.0,0.0,0,18.3,0.903111696243286,1,0.08643120281603589
1157462,1000.0,0,15.61,34.97,0,35150,10,4,50000.0,2,13,11.19,0.0,674.0,1.0,5.0,0.0,5882.0,57.1,7.0,0.0,0.0,0.0,0,7.1,0.9545792937278748,1,0.07945698545072055
1159976,7000.0,0,17.57,251.56,3,38906,10,0,115000.0,4,3,7.88,0.0,664.0,2.0,5.0,1.0,4416.0,84.9,35.0,0.0,0.0,0.0,0,17.6,0.9053233861923218,1,0.06982316189472404
1160636,3000.0,0,18.24,108.82,4,87,2,4,21000.0,8,40,32.17,0.0,689.0,1.0,10.0,0.0,5346.0,47.3,15.0,0.0,0.0,0.0,0,17.2,0.9175704717636108,0,-0.2396573567187795
1160728,16500.0,0,18.24,598.51,4,34130,10,0,220000.0,2,36,18.99,0.0,674.0,2.0,20.0,0.0,273379.0,90.0,55.0,0.0,0.0,0.0,0,18.6,0.9463464617729188,1,0.08657372718909673
1163959,1400.0,0,16.99,49.91,2,47114,1,4,18000.0,1,20,20.4,0.0,669.0,1.0,8.0,0.0,4161.0,83.2,15.0,0.0,0.0,0.0,0,6.9,0.9026739001274108,1,0.08616547424479304
1166946,1200.0,0,15.61,41.96,0,15496,10,0,60000.0,7,28,6.24,0.0,664.0,0.0,6.0,0.0,17232.0,94.2,12.0,0.0,0.0,0.0,0,9.5,0.9023404717445374,1,0.003744296082146992
1166978,1200.0,0,15.61,41.96,0,39600,1,4,50000.0,9,19,11.69,0.0,714.0,0.0,13.0,0.0,15880.0,99.2,27.0,0.0,0.0,0.0,0,11.5,0.9032059311866759,1,0.026560515439395305
1169276,35000.0,0,18.24,1269.56,4,11593,1,0,400000.0,2,19,16.8,4.0,669.0,0.0,16.0,0.0,262927.0,94.9,47.0,3.0,2677.0,0.0,0,25.1,0.9250081777572632,1,0.09145535373125367
1169971,35000.0,0,17.57,1257.8,3,34130,10,3,343350.0,9,21,10.24,1.0,689.0,0.0,17.0,0.0,111346.0,60.0,24.0,0.0,0.0,0.0,0,33.5,0.934692919254303,1,0.05005628332950707
1170262,35000.0,0,17.57,1257.8,3,29039,9,0,170000.0,2,40,23.34,0.0,719.0,0.0,9.0,0.0,99403.0,98.1,19.0,0.0,0.0,0.0,0,22.2,0.9253808856010436,1,0.08895070880114209
1170339,35000.0,1,19.52,917.97,6,16018,10,0,600000.0,1,6,8.07,2.0,669.0,0.0,10.0,0.0,143743.0,94.0,21.0,0.0,0.0,0.0,0,14.3,0.9386328458786012,1,0.0916124681288264
1170550,2100.0,0,17.57,75.47,3,38387,10,0,73000.0,9,45,2.75,0.0,664.0,1.0,4.0,1.0,997.0,51.0,8.0,0.0,0.0,0.0,0,18.7,0.9613989591598512,0,0.035762910349492534
1171360,1450.0,0,15.61,50.7,0,34374,5,0,24000.0,12,21,4.8,0.0,674.0,0.0,11.0,0.0,3081.0,45.3,37.0,0.0,0.0,0.0,0,28.3,0.92477548122406,0,-0.24665504266881846
1171543,35000.0,0,17.57,1257.8,3,4282,2,0,425000.0,2,32,8.74,1.0,689.0,0.0,15.0,0.0,79318.0,92.2,24.0,0.0,0.0,0.0,0,24.4,0.939738929271698,1,0.08000677704451475
1175187,1500.0,0,16.29,52.96,1,2115,8,0,52567.0,9,4,7.53,1.0,664.0,1.0,7.0,1.0,97.0,1.5,18.0,0.0,0.0,0.0,0,14.5,0.9218343496322632,1,0.06223530507459851
1176550,13475.0,0,6.0,412.71,0,39032,7,0,75000.0,2,19,23.78,0.0,694.0,2.0,8.0,0.0,7867.0,48.0,14.0,0.0,0.0,0.0,0,11.8,0.9758588075637816,1,0.06954022753126354
1177765,5400.0,0,15.61,188.81,0,2013,8,0,260000.0,4,40,3.21,0.0,709.0,0.0,5.0,3.0,3585.0,41.7,14.0,0.0,0.0,0.0,0,21.6,0.9470857977867126,1,0.0028824243876404143
1179230,2650.0,0,17.57,95.24,3,29132,10,0,205000.0,4,20,10.55,1.0,674.0,2.0,10.0,1.0,2233.0,23.8,19.0,0.0,0.0,0.0,0,25.7,0.930131733417511,1,0.08962861435278624
1179411,2400.0,0,16.29,84.73,1,1366,10,0,130000.0,8,17,23.02,1.0,694.0,2.0,12.0,0.0,28090.0,99.3,27.0,0.0,0.0,0.0,0,21.5,0.9394069314002992,1,0.07981526065436828
1179495,8575.0,0,18.24,311.05,4,25889,1,4,50000.0,2,4,15.24,0.0,674.0,1.0,6.0,0.0,2703.0,84.5,6.0,0.0,0.0,0.0,0,3.2,0.9014754891395568,1,0.07956222484134101
1183009,1300.0,0,16.99,46.35,2,27142,6,4,60000.0,7,31,14.98,0.0,694.0,0.0,9.0,1.0,9532.0,29.0,12.0,0.0,0.0,0.0,0,19.5,0.9048812985420228,1,0.0866865743171652
1184342,35000.0,0,16.29,1235.52,1,36057,10,3,220000.0,2,4,34.06,0.0,694.0,2.0,16.0,0.0,345831.0,47.5,30.0,0.0,0.0,0.0,0,36.5,0.906976580619812,1,0.0848285525332726
1184847,3125.0,0,17.57,112.31,3,7764,10,0,38000.0,6,40,39.86,0.0,664.0,0.0,11.0,0.0,11423.0,81.0,27.0,0.0,0.0,0.0,0,12.3,0.9322123527526855,1,0.0896299146579227
1187133,4300.0,0,15.61,150.35,0,42161,2,4,81000.0,2,31,9.59,0.0,689.0,0.0,6.0,0.0,25444.0,99.9,10.0,0.0,0.0,0.0,0,20.8,0.9225268959999084,1,0.04730381056079214
1189626,3200.0,0,16.99,114.08,2,28776,10,0,117500.0,0,19,13.03,1.0,699.0,2.0,6.0,0.0,17513.0,94.7,20.0,0.0,0.0,0.0,0,14.3,0.9501430988311768,1,0.04222238791865696
1190519,1000.0,0,15.61,34.97,0,47697,7,3,58000.0,8,39,16.66,0.0,684.0,1.0,6.0,0.0,3324.0,39.1,9.0,0.0,0.0,0.0,0,6.9,0.9173994660377502,1,0.06626232504408991
1193586,35000.0,0,15.61,1223.77,0,60217,10,0,450000.0,2,9,4.24,0.0,714.0,1.0,15.0,0.0,128112.0,40.2,44.0,0.0,0.0,0.0,0,23.8,0.949026107788086,1,0.04324990701271658
1193641,2600.0,0,15.61,90.91,0,43257,1,4,19000.0,12,40,27.29,0.0,689.0,0.0,15.0,0.0,13505.0,78.1,23.0,0.0,0.0,0.0,0,7.8,0.912666916847229,1,0.07971840255096674
1194381,4800.0,0,15.61,167.84,0,38886,1,0,96000.0,9,40,18.85,0.0,744.0,0.0,7.0,0.0,6041.0,66.4,20.0,0.0,0.0,0.0,0,15.8,0.9138510227203368,0,-0.3273730640731103
1197579,6000.0,0,15.61,209.79,0,14942,10,0,120000.0,2,42,20.04,0.0,689.0,0.0,13.0,0.0,48256.0,99.1,23.0,0.0,0.0,0.0,0,24.9,0.901103138923645,1,0.06804974678909681
1198164,1600.0,0,22.15,61.23,9,28776,10,0,80000.0,9,6,22.04,4.0,684.0,0.0,2.0,0.0,1139.0,94.9,14.0,0.0,0.0,0.0,0,24.5,0.9665530920028688,1,0.11212668801282932
1199413,9600.0,0,17.57,345.0,3,36864,10,0,131000.0,0,28,16.54,0.0,674.0,1.0,6.0,0.0,25809.0,100.0,21.0,0.0,0.0,0.0,0,17.4,0.9414188861846924,1,0.07103400109561919
1200049,1500.0,0,18.24,54.41,4,55925,1,4,65000.0,7,5,8.11,1.0,669.0,1.0,5.0,1.0,531.0,26.5,24.0,0.0,0.0,0.0,0,23.7,0.9251587986946106,1,0.03670513786756713
1200135,2000.0,0,18.24,72.55,4,56821,6,0,60000.0,9,31,2.8,0.0,714.0,0.0,5.0,0.0,4729.0,41.8,7.0,0.0,0.0,0.0,0,14.8,0.9127628207206726,0,-0.3169692661102098
1201845,3600.0,0,17.57,129.38,3,35014,1,4,21000.0,9,6,1.43,0.0,734.0,0.0,4.0,0.0,1638.0,24.4,23.0,0.0,0.0,0.0,0,4.8,0.9081075191497804,1,0.0842494871045627
1202255,1000.0,0,23.43,38.94,10,13577,10,4,30160.0,9,4,15.64,0.0,669.0,0.0,7.0,0.0,4343.0,47.7,9.0,0.0,0.0,0.0,0,4.2,0.921346127986908,1,0.11909923104108723
1202296,2000.0,0,16.99,71.3,2,51116,3,4,120000.0,7,31,11.17,0.0,664.0,1.0,8.0,2.0,2422.0,33.2,16.0,0.0,0.0,0.0,0,8.3,0.9109457731246948,0,-0.3148005269507195
1202705,2500.0,0,16.99,89.12,2,15067,3,0,60000.0,1,45,27.5,0.0,694.0,0.0,10.0,0.0,48363.0,75.0,37.0,0.0,0.0,0.0,0,14.2,0.905716836452484,1,0.08670395826150568
1204426,2500.0,0,17.57,89.85,3,7617,7,0,270000.0,9,28,7.79,1.0,674.0,0.0,10.0,0.0,40892.0,90.1,19.0,0.0,0.0,0.0,0,13.1,0.918605089187622,1,0.08962745336227163
1204796,15000.0,0,18.24,544.1,4,7240,8,3,146000.0,2,5,2.8,1.0,669.0,0.0,6.0,0.0,10342.0,54.7,16.0,0.0,0.0,0.0,0,11.9,0.9015610218048096,1,0.0911741881107082
1206045,3500.0,0,16.99,124.77,2,1716,3,4,18000.0,2,4,25.53,0.0,689.0,0.0,6.0,0.0,12754.0,57.7,6.0,0.0,0.0,0.0,0,5.3,0.9031606912612916,1,0.08670225912808394
1207718,2000.0,0,15.61,69.93,0,19116,6,3,40377.6,4,4,13.35,0.0,699.0,1.0,9.0,1.0,2711.0,27.4,16.0,0.0,0.0,0.0,0,11.0,0.9435150027275084,1,0.07898638624128651
1208853,5600.0,0,16.29,197.69,1,33437,6,0,98000.0,2,4,10.38,1.0,674.0,3.0,9.0,0.0,4471.0,42.6,52.0,0.0,0.0,0.0,0,17.2,0.9121970534324646,1,0.03633408347093425
1211967,8000.0,0,18.24,290.19,4,23939,1,4,175000.0,1,31,3.33,1.0,669.0,0.0,7.0,0.0,1666.0,5.0,9.0,1.0,1634.0,0.0,0,33.1,0.9130913615226746,1,0.029500732046633393
1213622,8000.0,0,16.29,282.41,1,24084,5,0,147000.0,2,9,13.28,4.0,674.0,2.0,15.0,0.0,8721.0,58.5,52.0,0.0,48374.0,0.0,0,21.8,0.9521301984786988,1,0.08316080673569859
1217261,6000.0,0,15.61,209.79,0,32891,10,3,65000.0,4,31,2.58,2.0,679.0,2.0,12.0,3.0,2713.0,31.2,40.0,0.0,0.0,0.0,0,25.8,0.9273104667663574,1,0.039249335031300785
1218269,4500.0,0,15.61,157.35,0,51597,10,0,135000.0,7,31,13.78,1.0,719.0,1.0,9.0,0.0,0.0,0.0,33.0,1.0,112.0,0.0,0,24.8,0.9422265291213988,1,0.004317443962558842
1218359,3000.0,0,23.43,116.81,10,24087,6,0,56000.0,12,5,4.48,0.0,664.0,1.0,6.0,1.0,7058.0,69.2,17.0,0.0,0.0,0.0,0,20.3,0.9122325778007508,1,0.11906684309429715
1220025,5275.0,0,16.99,188.05,2,41417,4,0,180000.0,10,11,7.25,0.0,689.0,5.0,10.0,1.0,5507.0,54.0,32.0,0.0,0.0,0.0,0,21.8,0.9247732758522034,1,0.04680165778234824
1220653,20000.0,0,18.99,733.02,5,43107,10,0,130000.0,12,4,5.36,0.0,674.0,0.0,9.0,0.0,156951.0,27.7,21.0,0.0,0.0,0.0,0,13.8,0.918083429336548,0,0.08703314615769586
1221861,7200.0,0,15.61,251.75,0,17224,6,0,52000.0,2,4,21.23,1.0,689.0,1.0,15.0,0.0,206617.0,48.1,48.0,0.0,0.0,0.0,0,35.4,0.9124111533164978,1,0.07971869413337608
1222680,3000.0,0,17.57,107.82,3,33738,7,0,73000.0,2,9,9.32,0.0,689.0,1.0,5.0,2.0,242.0,12.1,15.0,0.0,0.0,0.0,0,23.8,0.9475024938583374,1,0.0664020611014402
1222977,3500.0,0,16.99,124.77,2,11803,2,4,47000.0,2,31,2.6,4.0,669.0,0.0,7.0,0.0,523.0,22.7,15.0,0.0,0.0,0.0,0,6.7,0.9192072153091432,1,0.0656517193424373
1223333,35000.0,0,16.99,1247.68,2,29072,5,0,190000.0,4,9,27.53,1.0,684.0,1.0,24.0,0.0,199635.0,76.0,44.0,0.0,0.0,0.0,0,33.9,0.9010202288627625,1,0.08670395840984857
1224874,1000.0,0,18.24,36.28,4,29916,2,3,60000.0,7,40,1.48,0.0,734.0,1.0,10.0,0.0,0.0,0.0,22.0,0.0,0.0,0.0,0,18.3,0.9139826893806458,1,0.06719385832033486
1225694,1500.0,0,18.99,54.98,5,17671,10,0,37000.0,7,10,27.47,0.0,694.0,0.0,10.0,4.0,6231.0,73.3,18.0,0.0,0.0,0.0,0,10.7,0.9117760658264159,1,0.07964589828766755
1226275,13700.0,1,16.99,340.41,2,42649,10,0,60000.0,2,10,13.22,0.0,699.0,1.0,4.0,1.0,0.0,0.0,27.0,0.0,0.0,0.0,0,21.8,0.9232973456382751,1,0.03408263081710916
1228687,1500.0,0,22.15,57.41,9,13774,8,0,32726.0,9,4,20.21,0.0,684.0,0.0,6.0,0.0,3097.0,54.3,6.0,0.0,0.0,0.0,0,6.4,0.9161313772201538,1,0.11268393591948955
1229156,4350.0,0,17.57,156.33,3,16436,9,0,165000.0,1,31,21.9,0.0,674.0,1.0,9.0,1.0,67086.0,86.0,29.0,0.0,0.0,0.0,0,18.5,0.9286929965019226,1,0.0540683683714116
1229392,1675.0,0,20.99,63.1,8,28444,7,0,47000.0,9,21,12.84,1.0,674.0,0.0,8.0,0.0,10566.0,65.6,13.0,0.0,0.0,0.0,0,10.8,0.9175648093223572,1,0.09758939239124187
1230460,5025.0,0,16.99,179.13,2,46274,2,0,13380.0,1,4,22.4,0.0,674.0,0.0,6.0,0.0,7916.0,59.1,6.0,0.0,0.0,0.0,0,11.9,0.913705050945282,1,0.08670466835688395
1230546,10500.0,1,6.0,191.48,0,17254,1,0,66702.0,2,16,14.29,0.0,704.0,1.0,9.0,0.0,12472.0,65.0,20.0,0.0,0.0,0.0,0,13.3,0.963817536830902,1,0.037666718588343466
1231403,11625.0,0,15.61,406.47,0,56065,10,0,70000.0,2,25,1.63,0.0,664.0,0.0,9.0,0.0,1157.0,12.9,32.0,0.0,0.0,0.0,0,14.8,0.9197573065757751,1,0.04525526013873882
1232668,2325.0,0,16.29,82.08,1,6717,10,0,26000.0,4,13,18.74,1.0,704.0,0.0,12.0,0.0,6429.0,44.6,36.0,0.0,0.0,0.0,0,21.2,0.908762276172638,1,0.08413667585176055
1233513,30375.0,0,15.61,1062.06,0,37147,7,0,140000.0,2,28,17.26,1.0,684.0,1.0,12.0,0.0,115203.0,89.3,35.0,0.0,0.0,0.0,0,25.0,0.905286192893982,1,0.054815971100710126
1233989,35000.0,0,18.24,1269.56,4,7617,10,0,350000.0,2,30,9.46,0.0,719.0,5.0,11.0,0.0,28001.0,56.8,29.0,0.0,0.0,0.0,0,20.0,0.938271701335907,1,0.057154040022229236
1234175,1000.0,0,16.99,35.65,2,39294,1,4,35000.0,12,15,19.72,0.0,719.0,1.0,12.0,0.0,2546.0,33.9,12.0,0.0,0.0,0.0,0,7.1,0.9734512567520142,1,0.08618221596726561
1235736,5375.0,0,16.99,191.61,2,26007,8,4,66800.0,9,4,1.44,0.0,679.0,1.0,4.0,6.0,2482.0,42.8,10.0,0.0,0.0,0.0,0,24.6,0.9185557961463928,1,0.047801407778127684
1240192,1500.0,0,20.99,56.51,8,3117,1,4,62000.0,9,3,5.65,3.0,664.0,0.0,10.0,1.0,4505.0,39.2,37.0,0.0,0.0,0.0,0,25.1,0.9044777750968932,1,0.04072557847938985
1240229,2400.0,0,16.29,84.73,1,23260,3,4,75000.0,12,4,11.41,1.0,674.0,0.0,7.0,0.0,7443.0,73.7,12.0,0.0,0.0,0.0,0,16.5,0.9122657179832458,1,0.0818806695826022
1240569,3600.0,0,18.24,130.59,4,39658,2,0,56000.0,1,3,5.31,0.0,669.0,1.0,4.0,0.0,9806.0,87.6,7.0,0.0,0.0,0.0,0,5.9,0.9146745204925536,1,0.04516124109928876
1243284,2000.0,0,17.57,71.88,3,8431,1,4,14400.0,2,5,26.25,0.0,709.0,0.0,4.0,0.0,6273.0,85.9,6.0,0.0,0.0,0.0,0,13.0,0.9107227325439452,1,0.09317838197326099
1244758,20000.0,0,16.29,706.01,1,20264,1,0,105000.0,4,19,2.47,0.0,664.0,4.0,6.0,1.0,6071.0,71.4,30.0,0.0,0.0,0.0,0,31.6,0.9045953154563904,1,0.08197300829892451
1247286,1600.0,0,23.43,62.3,10,60043,10,0,30635.0,7,2,22.77,0.0,664.0,0.0,3.0,0.0,2127.0,62.6,14.0,0.0,0.0,0.0,0,18.9,0.912824809551239,1,0.03580732168940859
1248198,8000.0,0,18.99,293.21,5,2851,10,0,105000.0,2,19,6.1,2.0,679.0,2.0,14.0,0.0,12445.0,12.9,33.0,0.0,0.0,0.0,0,25.0,0.902723789215088,1,0.04922391631258849
1248492,14125.0,0,15.61,493.88,0,37483,4,4,103000.0,1,4,19.93,0.0,664.0,3.0,9.0,1.0,1160.0,22.3,34.0,0.0,0.0,0.0,0,18.3,0.912774920463562,1,0.03945438382090671
1249123,4350.0,0,16.29,153.56,1,38461,10,0,92000.0,4,39,3.59,8.0,679.0,2.0,9.0,1.0,513.0,28.0,23.0,0.0,0.0,0.0,0,23.0,0.9142292141914368,0,-0.17170798425256414
1249533,20000.0,0,15.61,699.3,0,38461,10,0,120000.0,2,13,11.06,0.0,699.0,0.0,14.0,0.0,29568.0,70.4,40.0,0.0,0.0,0.0,0,19.0,0.9061567783355712,1,0.07684237002043659
1249707,1500.0,0,22.15,57.41,9,30428,2,4,40000.0,2,13,3.81,0.0,694.0,1.0,4.0,0.0,2448.0,24.0,5.0,0.0,0.0,0.0,0,4.8,0.9074391722679138,1,0.1126839357958378
1250152,1000.0,0,15.61,34.97,0,44592,7,4,54000.0,9,40,20.82,0.0,694.0,1.0,9.0,0.0,12988.0,83.8,20.0,0.0,0.0,0.0,0,26.9,0.921548068523407,1,0.07909879438187573
1250405,6600.0,0,18.99,241.9,5,4282,7,4,265000.0,12,31,16.15,0.0,699.0,2.0,23.0,0.0,67935.0,84.3,43.0,0.0,0.0,0.0,0,26.8,0.9052091240882874,1,0.09534673390461168
1256698,5000.0,0,18.24,181.37,4,28776,8,0,40000.0,2,44,5.13,0.0,669.0,1.0,8.0,0.0,4067.0,41.5,8.0,0.0,0.0,0.0,0,3.2,0.9101693630218506,1,0.058073515212139215
1258268,4175.0,0,15.61,145.98,0,26852,1,4,43000.0,2,46,7.14,0.0,664.0,1.0,9.0,3.0,3227.0,33.6,21.0,0.0,0.0,0.0,0,17.9,0.9340003132820128,1,0.07790640343810917
1259608,13000.0,1,16.29,318.15,1,39294,10,3,87000.0,6,31,2.73,0.0,664.0,0.0,5.0,2.0,1574.0,22.8,27.0,0.0,0.0,0.0,0,20.8,0.9435558915138244,1,0.03759521967743962
1260627,1600.0,0,16.29,56.49,1,47806,6,4,42000.0,2,21,17.97,0.0,669.0,1.0,10.0,0.0,3635.0,27.7,11.0,0.0,0.0,0.0,0,4.0,0.9001578688621521,1,0.08314655946417583
1263393,1625.0,0,16.99,57.93,2,3527,10,0,35000.0,2,14,8.16,0.0,674.0,1.0,9.0,1.0,1967.0,20.0,27.0,0.0,0.0,0.0,0,13.8,0.9515907168388368,1,0.05510462765362867
1263662,5500.0,0,17.57,197.66,3,33738,10,0,54000.0,2,22,10.62,0.0,674.0,2.0,6.0,2.0,146.0,8.6,24.0,0.0,0.0,0.0,0,23.3,0.9022694230079652,1,0.08914118758518286
1264864,1125.0,0,17.57,40.43,3,8632,10,3,35000.0,9,20,1.51,0.0,669.0,0.0,4.0,2.0,682.0,26.0,8.0,0.0,0.0,0.0,0,18.9,0.963569402694702,1,0.0749232275259597
1265245,2675.0,0,17.57,96.14,3,16725,10,4,160000.0,2,31,5.46,0.0,669.0,1.0,7.0,3.0,702.0,18.5,28.0,0.0,0.0,0.0,0,15.3,0.9195367097854614,1,0.02282310325881753
1265427,4000.0,0,15.61,139.86,0,1842,10,0,85000.0,5,2,9.74,0.0,679.0,1.0,3.0,1.0,707.0,31.0,21.0,0.0,0.0,0.0,0,19.3,0.9163741469383241,1,0.07971945219470755
1265728,5000.0,0,15.61,174.83,0,34596,1,0,120000.0,11,10,32.65,0.0,714.0,1.0,11.0,0.0,34545.0,85.3,34.0,0.0,0.0,0.0,0,27.9,0.9019281268119812,1,0.07971672309426793
1266860,6000.0,0,16.29,211.81,1,17772,1,3,48000.0,2,6,9.98,0.0,699.0,0.0,4.0,0.0,17127.0,97.9,10.0,0.0,0.0,0.0,0,15.1,0.9004721641540527,1,0.08241395489638625
1267113,1600.0,0,18.99,58.65,5,37019,10,3,35880.0,12,2,11.67,0.0,664.0,0.0,8.0,0.0,1525.0,23.8,24.0,0.0,0.0,0.0,0,15.8,0.9254900813102722,1,0.0967870970811795
1267689,20000.0,0,18.24,725.46,4,47042,10,0,166705.0,2,34,33.17,0.0,699.0,0.0,26.0,0.0,190899.0,86.9,44.0,0.0,0.0,0.0,0,18.7,0.9442044496536256,1,0.07724204863385986
1270122,3000.0,0,17.57,107.82,3,46550,10,4,360000.0,12,10,2.78,0.0,714.0,1.0,4.0,0.0,1705.0,65.6,10.0,0.0,0.0,0.0,0,13.5,0.9193410277366638,1,0.040038829911157585
1270722,1000.0,0,15.61,34.97,0,56700,4,3,92000.0,4,40,10.1,0.0,664.0,1.0,8.0,1.0,8110.0,85.4,21.0,0.0,0.0,0.0,0,27.1,0.9345698952674866,1,0.06949520545184162
1270924,35000.0,1,19.52,917.97,6,4282,10,0,650000.0,4,18,7.14,0.0,719.0,5.0,16.0,0.0,99536.0,87.1,42.0,0.0,0.0,0.0,0,23.6,0.904410481452942,1,0.009480770554188613
1272679,1000.0,0,15.61,34.97,0,60889,2,4,42000.0,9,38,14.23,1.0,689.0,0.0,8.0,0.0,5069.0,53.4,23.0,0.0,0.0,0.0,0,15.5,0.9136009216308594,1,0.03451500844543687
1273038,1000.0,0,18.24,36.28,4,37937,8,4,43000.0,2,35,14.79,0.0,679.0,0.0,9.0,1.0,8628.0,80.6,16.0,0.0,0.0,0.0,0,10.4,0.927599847316742,1,0.10197858010296336
1273176,5500.0,0,16.99,196.07,2,16459,7,0,106000.0,4,4,0.0,0.0,724.0,1.0,4.0,0.0,0.0,0.0,12.0,0.0,0.0,0.0,0,20.0,0.9526991844177246,1,0.06541699846894122
1273326,5000.0,0,15.61,174.83,0,32920,4,0,60000.0,7,3,8.1,0.0,694.0,0.0,3.0,0.0,5454.0,81.4,12.0,0.0,0.0,0.0,0,13.2,0.926152229309082,0,-0.44083670870651337
1273668,4075.0,0,16.29,143.85,1,28776,5,4,39600.0,2,21,4.21,0.0,674.0,1.0,5.0,0.0,1962.0,54.5,5.0,0.0,0.0,0.0,0,3.2,0.9234465956687928,1,0.0831626204404936
1274216,35000.0,1,16.99,869.66,2,37295,6,3,444569.0,2,10,15.37,0.0,694.0,0.0,14.0,0.0,256435.0,71.1,48.0,0.0,0.0,0.0,0,19.7,0.9091602563858032,1,0.05294946932495126
1274942,13725.0,0,16.99,489.27,2,3155,10,0,80000.0,4,18,3.53,0.0,674.0,2.0,8.0,2.0,6696.0,28.0,16.0,0.0,0.0,0.0,0,14.6,0.9074963927268982,1,0.05072791372351615
1277129,5900.0,0,15.61,206.3,0,28776,7,3,95000.0,4,31,6.3,0.0,674.0,0.0,6.0,4.0,11535.0,68.7,15.0,0.0,0.0,0.0,0,28.9,0.9110082983970642,1,0.07971644555696167
1277711,12450.0,0,15.61,435.32,0,28640,9,0,80000.0,2,47,17.18,0.0,689.0,0.0,8.0,1.0,5217.0,36.0,21.0,0.0,0.0,0.0,0,14.2,0.926850438117981,1,0.008504707209211482
1278874,4075.0,0,16.29,143.85,1,27430,1,4,32000.0,6,44,21.87,0.0,699.0,1.0,8.0,0.0,3297.0,59.9,9.0,0.0,0.0,0.0,0,3.8,0.901363730430603,1,0.07190636190269584
1278910,2000.0,0,16.29,70.61,1,3845,1,4,20000.0,12,28,14.65,0.0,684.0,0.0,14.0,0.0,3820.0,26.9,15.0,0.0,0.0,0.0,0,3.9,0.9295272827148438,1,0.08315012131826349
1279120,9000.0,0,16.29,317.71,1,16725,1,3,70000.0,2,1,6.69,0.0,684.0,3.0,3.0,4.0,8513.0,31.0,9.0,0.0,0.0,0.0,0,12.8,0.913139581680298,1,0.07845432515250739
1279337,1000.0,0,16.29,35.31,1,35222,7,4,115000.0,11,19,20.71,3.0,689.0,1.0,10.0,0.0,1613.0,15.0,19.0,0.0,0.0,0.0,0,19.8,0.9164530038833618,1,0.080927415546308
1280278,5000.0,0,18.25,181.39,2,8645,5,4,50000.0,2,9,2.76,0.0,664.0,0.0,4.0,1.0,3761.0,67.2,10.0,0.0,0.0,0.0,0,16.5,0.906238853931427,1,0.040516262419415305
1280386,2000.0,0,20.49,74.83,6,36207,2,4,11200.0,2,4,18.97,1.0,664.0,0.0,12.0,0.0,5723.0,29.5,14.0,0.0,0.0,0.0,0,6.7,0.9322722554206848,1,0.10324850346802884
1280750,5600.0,0,18.92,205.05,3,49676,6,4,54000.0,8,31,6.33,0.0,719.0,0.0,3.0,0.0,0.0,0.0,18.0,0.0,0.0,0.0,0,21.7,0.905243992805481,1,0.025972562071713057
1281514,8400.0,1,17.57,211.35,1,6801,5,4,103000.0,6,4,10.72,0.0,674.0,0.0,4.0,2.0,0.0,0.0,27.0,0.0,0.0,0.0,0,10.6,0.9063094258308412,1,0.023184939258011017
1282726,10800.0,1,16.59,266.04,0,47185,10,0,90000.0,9,42,0.52,0.0,724.0,0.0,6.0,1.0,1716.0,26.4,24.0,0.0,0.0,0.0,0,12.1,0.9244288802146912,1,0.06837258834422744
1284295,10525.0,0,6.0,339.71,0,30764,10,0,50000.0,2,22,14.95,0.0,664.0,1.0,11.0,0.0,12700.0,75.1,17.0,0.0,0.0,0.0,0,11.2,0.95894056558609,1,0.07503586456109113
1284366,2400.0,0,17.57,86.25,1,58826,8,4,54000.0,2,13,2.69,0.0,674.0,1.0,2.0,2.0,233.0,3.1,8.0,0.0,0.0,0.0,0,28.9,0.9358752369880676,1,0.08963514498508651
1285368,10000.0,0,16.59,354.5,0,46550,10,0,101000.0,2,4,18.26,1.0,704.0,2.0,10.0,0.0,260560.0,74.2,23.0,0.0,0.0,0.0,0,18.3,0.9153091311454772,1,0.04926085546475933
1285784,6700.0,0,16.59,237.51,0,39350,2,3,68000.0,12,30,2.33,0.0,669.0,2.0,3.0,1.0,1159.0,19.0,20.0,0.0,0.0,0.0,0,13.8,0.915125608444214,1,0.05919231292726512
1286598,3125.0,0,20.49,116.92,6,39294,9,4,67000.0,9,28,9.28,0.0,669.0,0.0,3.0,0.0,1166.0,89.7,6.0,0.0,0.0,0.0,0,18.8,0.92966890335083,1,0.10435875342792844
1287015,2800.0,0,16.59,99.26,0,33344,1,4,69500.0,4,5,11.86,0.0,664.0,1.0,11.0,1.0,1554.0,30.5,35.0,0.0,0.0,0.0,0,11.3,0.90639328956604,1,0.07358050042473052
1288600,1000.0,0,16.59,35.45,0,36199,1,4,39000.0,2,25,4.03,0.0,669.0,1.0,4.0,0.0,4479.0,74.6,5.0,0.0,0.0,0.0,0,8.1,0.9313687086105348,1,0.08460454963968278
1288623,6500.0,0,16.59,230.42,0,253,5,4,130000.0,2,10,5.39,2.0,679.0,1.0,14.0,2.0,13174.0,46.6,36.0,0.0,0.0,0.0,0,24.1,0.9354397058486938,1,0.08457125758925965
1290278,26000.0,1,6.0,511.92,0,6597,10,0,75000.0,2,42,24.94,1.0,709.0,0.0,16.0,0.0,19651.0,52.6,44.0,0.0,0.0,0.0,0,13.5,0.9500082731246948,1,0.044523518413006835
1290471,1800.0,0,19.47,66.41,4,42323,1,3,70000.0,11,5,19.61,0.0,684.0,3.0,14.0,0.0,1957.0,36.2,30.0,0.0,0.0,0.0,0,8.6,0.9007309079170228,1,0.09922331519145301
1290530,2125.0,0,16.59,75.33,0,51110,10,0,123000.0,2,13,8.46,0.0,674.0,4.0,7.0,0.0,2078.0,17.0,21.0,0.0,0.0,0.0,0,28.9,0.9404688477516174,1,0.03290339045429036
1292503,1000.0,0,18.25,36.28,2,15720,5,4,49362.6,12,31,13.1,0.0,694.0,2.0,7.0,0.0,1452.0,21.7,21.0,0.0,0.0,0.0,0,7.3,0.9224368929862976,1,0.005044510128211277
1292601,6075.0,0,16.59,215.36,0,48178,4,0,84000.0,2,16,12.54,0.0,664.0,0.0,8.0,1.0,3894.0,72.1,12.0,0.0,0.0,0.0,0,27.6,0.9039258360862732,1,0.08253429284877911
1293042,3125.0,0,17.57,112.31,1,50421,0,4,91000.0,9,4,5.12,0.0,674.0,0.0,4.0,1.0,637.0,17.0,22.0,0.0,0.0,0.0,0,14.3,0.9332203865051271,1,0.041304084011553284
1294384,1600.0,0,17.57,57.5,1,45017,10,0,56000.0,2,45,26.49,3.0,684.0,0.0,4.0,0.0,556.0,11.1,23.0,0.0,0.0,0.0,0,18.9,0.9297751188278198,1,0.08717896896650568
1294506,1600.0,0,19.47,59.04,4,62856,3,0,78000.0,12,31,14.1,3.0,684.0,0.0,6.0,0.0,2695.0,48.1,28.0,0.0,0.0,0.0,0,14.9,0.9165114164352416,1,0.09442774321434322
1294556,2000.0,0,17.57,71.88,1,38461,5,0,72000.0,1,10,19.17,1.0,674.0,1.0,20.0,0.0,24104.0,52.6,36.0,0.0,0.0,0.0,0,19.1,0.9196946024894714,1,0.08934729006622111
1294828,3200.0,0,19.47,118.07,4,3419,2,0,210000.0,7,4,6.86,1.0,684.0,0.0,14.0,0.0,19737.0,75.3,35.0,0.0,0.0,0.0,0,18.0,0.9387587904930116,1,0.0992150131137306
1296440,35000.0,0,17.57,1257.8,1,7618,10,0,132000.0,2,25,10.71,0.0,679.0,1.0,9.0,0.0,45091.0,74.4,22.0,0.0,0.0,0.0,0,24.6,0.9068087935447692,0,0.020517761338279872
1297386,1950.0,0,16.59,69.13,0,18977,10,4,37884.0,12,3,17.99,0.0,669.0,1.0,5.0,0.0,4615.0,80.0,16.0,0.0,0.0,0.0,0,15.0,0.9192730188369752,1,0.04714732392541277
1297400,1500.0,0,23.43,58.41,10,55520,10,4,63790.33,12,37,9.88,0.0,664.0,0.0,7.0,0.0,8374.0,81.3,21.0,0.0,0.0,0.0,0,16.2,0.9107941389083862,1,0.11879774082720185
1298634,6000.0,0,18.25,217.67,2,37122,1,4,130000.0,9,4,6.81,1.0,664.0,0.0,6.0,0.0,15556.0,84.1,9.0,0.0,0.0,0.0,0,13.5,0.9101125001907348,1,0.09466793715620823
1298690,1500.0,0,18.25,54.42,2,20121,10,0,93000.0,0,14,15.59,1.0,679.0,0.0,12.0,1.0,15915.0,52.9,21.0,0.0,0.0,0.0,0,15.4,0.9653078317642212,0,-0.18795989208064254
1298757,1875.0,0,17.57,67.39,1,33794,8,4,60000.0,11,19,7.76,0.0,664.0,1.0,2.0,1.0,237.0,19.7,5.0,0.0,0.0,0.0,0,9.8,0.9193216562271118,1,0.08949301756488892
1298761,1000.0,0,18.92,36.62,3,3890,9,4,100500.0,12,28,29.39,0.0,699.0,1.0,12.0,0.0,49626.0,75.0,34.0,0.0,0.0,0.0,0,18.5,0.9077196717262268,1,0.04805687491190791
1300649,8000.0,0,18.25,290.23,2,34976,3,3,100000.0,1,4,12.67,1.0,669.0,0.0,8.0,0.0,18357.0,97.6,17.0,0.0,0.0,0.0,0,16.8,0.9057338237762452,1,0.04349837361217923
1301097,3975.0,0,16.59,140.91,0,34130,10,0,90000.0,2,6,11.85,0.0,664.0,2.0,8.0,0.0,7451.0,93.1,32.0,0.0,0.0,0.0,0,20.1,0.9234046936035156,1,0.05032548844697593
1301939,13100.0,0,17.57,470.78,1,12955,5,0,134570.0,2,19,7.76,0.0,669.0,0.0,8.0,1.0,5712.0,94.0,19.0,0.0,0.0,0.0,0,18.8,0.9011921286582948,1,0.08172659316125319
1302284,1200.0,0,22.45,46.11,9,28432,10,0,45000.0,11,25,31.63,0.0,719.0,0.0,10.0,0.0,42376.0,96.1,21.0,0.0,0.0,0.0,0,16.6,0.9238131046295166,0,-0.3051396861309753
1304634,35000.0,1,17.57,880.61,1,34130,10,0,300000.0,2,0,15.21,0.0,704.0,0.0,22.0,0.0,132471.0,59.5,56.0,0.0,0.0,0.0,0,17.4,0.9039717316627502,1,0.03064108208280003
1305084,11000.0,1,19.47,288.2,4,16392,3,4,80000.0,1,4,2.58,1.0,674.0,1.0,11.0,0.0,12227.0,42.5,25.0,1.0,5692.0,0.0,0,12.8,0.914746642112732,1,0.04795764390217405
1305118,35000.0,0,16.59,1240.72,0,13727,10,0,180000.0,1,21,12.57,1.0,679.0,0.0,11.0,0.0,42724.0,102.0,43.0,0.0,0.0,0.0,0,17.5,0.9191681742668152,1,0.05080892205029963
1307215,10000.0,0,16.59,354.5,0,34454,10,3,120000.0,6,20,30.87,0.0,724.0,0.0,7.0,0.0,114495.0,100.0,20.0,0.0,0.0,0.0,0,15.3,0.9095142483711244,1,0.08529349354047501
1307432,21000.0,1,19.47,550.2,4,8,2,0,148000.0,2,41,10.7,0.0,704.0,2.0,11.0,1.0,13462.0,52.0,23.0,0.0,0.0,0.0,0,14.0,0.9090590476989746,0,-0.30062545974741395
1308828,4800.0,0,16.59,170.16,0,35125,10,0,135000.0,11,4,7.02,0.0,669.0,3.0,15.0,1.0,1310.0,9.2,39.0,0.0,0.0,0.0,0,38.5,0.9046549797058104,1,0.02435800577907821
1309349,1200.0,0,18.92,43.94,3,43408,4,4,47000.0,9,42,20.15,0.0,719.0,0.0,9.0,0.0,11466.0,78.5,14.0,0.0,0.0,0.0,0,8.4,0.924424946308136,1,0.08827303708498735
1309904,30000.0,1,19.47,786.0,4,3588,6,0,150000.0,2,42,16.06,0.0,684.0,0.0,13.0,0.0,197625.0,83.0,28.0,0.0,0.0,0.0,0,20.3,0.9171024560928344,1,0.07220349557424878
1311163,1000.0,0,24.5,39.5,12,7896,9,3,50000.0,7,13,25.61,1.0,669.0,1.0,14.0,0.0,26823.0,88.8,25.0,0.0,0.0,0.0,0,34.1,0.9325511455535888,0,-0.2425919320649128
1312744,1600.0,0,19.47,59.04,4,33344,1,4,39520.0,2,4,19.07,0.0,679.0,1.0,6.0,0.0,3198.0,71.1,8.0,0.0,0.0,0.0,0,3.2,0.9571651816368104,1,0.04713314715030848
1313089,1700.0,0,19.99,63.17,5,26447,2,0,37960.0,2,15,16.03,1.0,704.0,1.0,5.0,1.0,2292.0,27.3,11.0,0.0,0.0,0.0,0,9.7,0.963891863822937,1,0.10184299691266617
1314096,6200.0,0,16.59,219.79,0,37772,10,0,100824.0,9,13,8.09,0.0,704.0,1.0,10.0,0.0,20590.0,67.1,23.0,0.0,0.0,0.0,0,27.9,0.9082769751548768,1,0.08467856998609569
1314810,3500.0,0,17.57,125.78,1,17670,10,0,60000.0,9,40,17.5,1.0,679.0,1.0,15.0,1.0,8084.0,26.0,26.0,0.0,0.0,0.0,0,26.7,0.9119593501091005,1,0.08963624367063194
1314966,7350.0,0,17.57,264.14,1,34642,4,0,117000.0,4,19,6.25,1.0,669.0,0.0,8.0,1.0,2731.0,60.7,28.0,0.0,0.0,0.0,0,16.3,0.9090421199798584,1,0.05470133638887886
1315075,4800.0,0,18.92,175.76,3,1274,5,0,93000.0,2,13,14.23,0.0,674.0,3.0,8.0,0.0,10194.0,78.4,40.0,0.0,0.0,0.0,0,12.3,0.9087062478065492,1,0.09603012526603494
1315418,20000.0,0,16.59,708.99,0,34992,10,0,90000.0,2,4,7.91,1.0,669.0,0.0,6.0,0.0,19131.0,72.0,11.0,0.0,0.0,0.0,0,13.7,0.9003004431724548,1,0.07836988304202186
1315498,5000.0,0,22.45,192.12,9,57674,9,4,42000.0,9,21,2.71,0.0,674.0,0.0,3.0,1.0,2643.0,38.9,7.0,0.0,0.0,0.0,0,18.7,0.904260516166687,1,0.0953300645906714
1316119,3000.0,0,18.25,108.84,2,15889,10,0,84012.0,4,5,19.45,1.0,674.0,1.0,6.0,0.0,4426.0,40.6,28.0,1.0,2634.0,1.0,0,27.0,0.964832842350006,1,0.09130052661732237
1317016,35000.0,0,18.92,1281.55,3,3992,10,0,300000.0,1,31,17.3,0.0,714.0,0.0,12.0,0.0,492732.0,67.8,18.0,0.0,0.0,0.0,0,31.9,0.9089598655700684,1,0.015203953981191454
1318168,2400.0,0,18.25,87.07,2,47062,1,0,79000.0,9,44,17.2,0.0,714.0,1.0,8.0,0.0,15758.0,87.1,12.0,0.0,0.0,0.0,0,13.3,0.902791440486908,1,0.06538447284566318
1320593,1200.0,0,18.92,43.94,3,15076,5,4,60000.0,9,4,19.54,0.0,704.0,0.0,7.0,0.0,17767.0,87.5,21.0,0.0,0.0,0.0,0,20.8,0.9071382880210876,1,0.09644807836470592
1321064,3500.0,0,17.57,125.78,1,29327,10,0,100000.0,2,25,14.55,0.0,704.0,0.0,8.0,0.0,44032.0,77.5,22.0,0.0,0.0,0.0,0,12.2,0.9053385257720948,1,0.0048573206168762715
1321585,2975.0,0,16.59,105.47,0,42172,3,0,120000.0,7,39,5.53,0.0,694.0,0.0,5.0,0.0,3000.0,37.5,14.0,0.0,0.0,0.0,0,13.0,0.9151403903961182,1,0.08467247209988993
1321898,5300.0,0,18.25,192.28,2,21097,5,0,127000.0,2,19,2.65,0.0,664.0,2.0,6.0,0.0,4809.0,48.0,11.0,0.0,0.0,0.0,0,8.2,0.9350244998931884,1,0.09306671421166256
1322206,5000.0,0,18.92,183.08,3,41417,3,0,108000.0,7,4,15.13,0.0,669.0,0.0,7.0,0.0,3026.0,100.9,23.0,0.0,0.0,0.0,0,24.5,0.922616481781006,1,0.0964502898879762
1323161,3000.0,0,16.59,106.35,0,39041,1,4,75000.0,8,21,29.06,0.0,704.0,0.0,8.0,0.0,5845.0,99.1,28.0,0.0,0.0,0.0,0,10.4,0.9019414782524108,1,0.05546657710040925
1324585,4000.0,0,17.57,143.75,1,45028,2,4,120000.0,2,4,13.63,0.0,664.0,1.0,8.0,1.0,2044.0,18.1,28.0,0.0,0.0,0.0,0,21.2,0.9187417030334472,1,0.0332801452566871
1326767,2400.0,0,18.25,87.07,2,7421,6,0,48000.0,2,4,14.75,1.0,669.0,0.0,8.0,0.0,14652.0,77.5,50.0,0.0,0.0,0.0,0,20.9,0.9127350449562072,1,0.06673854769601739
1327190,3000.0,0,18.92,109.85,3,14407,10,4,110004.0,7,40,4.78,1.0,694.0,0.0,9.0,0.0,7368.0,32.6,24.0,0.0,0.0,0.0,0,22.0,0.9257066249847412,1,0.07935794791105777
1330841,7475.0,0,18.25,271.18,2,62228,3,0,86000.0,2,42,2.6,0.0,664.0,0.0,6.0,1.0,2502.0,62.5,11.0,0.0,0.0,0.0,0,15.1,0.9107778072357178,1,0.06101999987153106
1331505,1200.0,0,20.5,44.91,5,3264,1,4,55000.0,8,32,1.16,0.0,714.0,0.0,4.0,0.0,1900.0,25.3,4.0,0.0,0.0,0.0,0,14.2,0.9086750149726868,1,0.0216046973038313
1333909,1200.0,0,23.7,46.9,10,30072,10,4,52249.0,9,21,19.11,0.0,674.0,0.0,10.0,1.0,13104.0,88.5,16.0,0.0,0.0,0.0,0,20.5,0.9297879338264464,1,0.12044283205389772
1334583,3575.0,0,18.25,129.7,2,14407,10,0,140000.0,1,41,13.11,4.0,669.0,3.0,19.0,0.0,16014.0,53.7,60.0,0.0,0.0,0.0,0,16.6,0.914705455303192,0,0.0278608531240716
1336090,25000.0,0,16.99,891.2,0,36347,10,0,150000.0,4,31,8.94,1.0,684.0,0.0,10.0,1.0,32637.0,84.1,33.0,0.0,0.0,0.0,0,24.1,0.9016410708427428,1,0.06731477973513368
1336490,6000.0,0,19.97,222.89,4,10273,10,0,103000.0,2,31,9.04,1.0,699.0,0.0,11.0,0.0,26913.0,58.5,29.0,0.0,0.0,0.0,0,27.9,0.9242032170295716,0,-0.03498882906133849
1336636,29450.0,0,19.22,1082.8,3,474,10,0,221000.0,9,40,16.66,3.0,669.0,1.0,11.0,0.0,13331.0,79.4,32.0,0.0,0.0,0.0,0,35.9,0.9050664305686952,1,0.09796422349090816
1336795,2400.0,0,20.5,89.81,5,14263,8,4,79992.0,9,31,8.7,0.0,694.0,0.0,16.0,0.0,6054.0,27.6,41.0,0.0,0.0,0.0,0,13.1,0.9136383533477784,1,0.059167644951567226
1338134,1500.0,0,23.7,58.62,10,57873,3,4,49000.0,1,4,3.99,0.0,694.0,0.0,4.0,0.0,4689.0,53.3,7.0,0.0,0.0,0.0,0,16.8,0.9106072783470154,1,0.12045676738950073
1341752,5000.0,0,16.99,178.24,0,10011,9,0,109581.0,4,3,3.86,0.0,684.0,2.0,6.0,0.0,15832.0,80.4,19.0,0.0,0.0,0.0,0,18.8,0.9299098253250122,1,0.0340638146249459
1342422,6400.0,0,16.99,228.15,0,6727,8,4,95000.0,9,31,5.29,0.0,669.0,0.0,12.0,2.0,6524.0,32.8,29.0,0.0,0.0,0.0,0,24.6,0.9008029103279114,1,0.0644805044229857
1343614,4500.0,0,17.57,161.72,1,50421,0,0,62000.0,9,4,6.04,2.0,669.0,0.0,8.0,1.0,4629.0,61.0,48.0,0.0,0.0,0.0,0,17.8,0.9117236733436584,0,-0.13025094949456395
1344372,14000.0,1,6.0,279.83,5,17671,7,0,75000.0,4,40,11.82,0.0,674.0,3.0,6.0,0.0,14779.0,86.0,18.0,0.0,0.0,0.0,0,13.8,0.9272334575653076,1,0.03167143303897313
1345326,2800.0,0,16.99,99.82,0,37586,10,0,118000.0,9,0,15.4,0.0,714.0,0.0,12.0,0.0,22157.0,71.2,26.0,0.0,0.0,0.0,0,25.3,0.9099977016448976,1,0.08669801117984678
1345525,25000.0,0,19.22,919.19,3,29039,1,0,360000.0,2,28,18.42,1.0,699.0,0.0,11.0,0.0,100996.0,98.6,23.0,0.0,0.0,0.0,0,22.4,0.9200158715248108,1,0.09796355725957097
1345634,4200.0,0,19.97,156.03,4,33738,3,0,95000.0,2,45,8.32,0.0,664.0,1.0,9.0,4.0,1677.0,39.0,22.0,0.0,0.0,0.0,0,18.7,0.9272384047508241,0,-0.17896328589214694
1347377,2400.0,0,23.7,93.79,10,11823,2,0,99000.0,2,7,7.73,0.0,674.0,2.0,12.0,0.0,23154.0,87.4,35.0,0.0,0.0,0.0,0,23.0,0.9016143083572388,1,0.00654046242810824
1347649,10000.0,1,19.97,264.78,4,50421,10,0,250000.0,0,4,2.93,0.0,669.0,2.0,8.0,2.0,1816.0,39.5,34.0,0.0,0.0,0.0,0,20.8,0.9004294872283936,1,0.027208089172114924
1348350,2000.0,0,19.22,73.54,3,55381,9,0,50000.0,2,30,7.39,0.0,704.0,1.0,10.0,0.0,1046.0,9.4,24.0,0.0,0.0,0.0,0,37.9,0.904443860054016,1,0.048983840147529316
1348708,35000.0,0,18.25,1269.73,2,14357,5,0,143000.0,2,19,11.7,0.0,694.0,1.0,13.0,0.0,24311.0,55.6,31.0,0.0,0.0,0.0,0,19.9,0.9101843237876892,0,-0.10049303900729477
1348907,4950.0,0,23.7,193.43,10,50421,10,0,75000.0,11,9,9.78,0.0,664.0,0.0,11.0,1.0,3739.0,27.5,36.0,0.0,0.0,0.0,0,30.6,0.9004149436950684,1,0.1191794651214233
1349518,2000.0,0,21.48,75.85,6,14407,10,0,189000.0,4,31,13.12,1.0,664.0,0.0,15.0,0.0,20921.0,86.5,21.0,0.0,0.0,0.0,0,21.9,0.9217300415039062,1,0.04243880516605203
1351904,5000.0,0,19.97,185.75,4,36292,10,0,100000.0,4,11,7.81,1.0,674.0,0.0,7.0,0.0,13041.0,86.9,17.0,0.0,0.0,0.0,0,17.8,0.9228612780570984,1,0.10173749294091428
1352594,24375.0,0,21.48,924.35,6,33658,8,0,300000.0,2,13,11.27,1.0,679.0,2.0,12.0,0.0,22496.0,89.6,58.0,0.0,0.0,0.0,0,18.9,0.9088641405105592,1,0.09221830167077116
1611874,1000.0,0,16.29,35.31,0,24184,1,4,28000.0,2,22,20.31,0.0,669.0,1.0,11.0,0.0,6524.0,81.5,23.0,0.0,0.0,0.0,0,4.3,0.9209413528442384,1,0.0831358737656882
1614634,3125.0,1,16.77,77.28,1,22922,10,0,135000.0,1,4,9.56,0.0,689.0,2.0,11.0,0.0,29315.0,93.1,31.0,0.0,0.0,0.0,0,17.9,0.900315523147583,1,0.06483942488068051
1618058,24000.0,1,18.25,612.72,4,6509,5,4,368000.0,13,31,0.09,1.0,699.0,0.0,8.0,0.0,3447.0,12.2,9.0,0.0,0.0,0.0,0,37.9,0.91831237077713,1,0.0890262312416159
1620244,30000.0,0,15.62,1049.1,0,36782,10,0,200000.0,1,4,17.3,1.0,709.0,0.0,18.0,0.0,115901.0,74.2,39.0,0.0,0.0,0.0,0,33.0,0.9382315278053284,1,0.07976989709224536
1621051,3000.0,0,16.89,106.8,3,13624,5,4,60000.0,7,31,2.54,3.0,669.0,0.0,3.0,2.0,0.0,0.0,10.0,0.0,0.0,0.0,0,12.0,0.9027276039123536,0,-0.070138893572948
1621594,15000.0,0,15.99,527.29,1,9734,2,0,85000.0,13,44,21.13,0.0,689.0,0.0,6.0,1.0,12721.0,95.6,12.0,0.0,0.0,0.0,0,13.9,0.9086069464683532,1,0.08164297982201685
1622348,3400.0,0,15.99,119.52,1,36524,5,4,60000.0,13,13,0.84,1.0,674.0,0.0,5.0,0.0,1509.0,50.3,9.0,0.0,0.0,0.0,0,17.6,0.9213653802871704,1,0.0816422122014766
1623657,24000.0,1,17.49,474.08,4,254,10,0,127000.0,1,31,12.84,0.0,714.0,0.0,10.0,0.0,31137.0,84.2,32.0,0.0,0.0,0.0,0,17.4,0.9115797877311708,0,-0.014526714243639384
1623849,3000.0,0,15.62,104.91,0,17015,8,0,65000.0,9,19,2.7,1.0,664.0,1.0,8.0,0.0,2512.0,69.8,12.0,0.0,0.0,0.0,0,9.8,0.9155561923980712,1,0.07976989593291273
1625402,30000.0,1,21.74,524.71,14,24753,3,4,324996.0,9,5,8.3,0.0,749.0,8.0,6.0,0.0,0.0,0.0,42.0,0.0,0.0,0.0,0,14.6,0.9078498482704164,1,-0.051544517530992096
1626932,35000.0,0,16.49,1238.98,2,22557,10,0,230000.0,4,4,8.58,1.0,704.0,2.0,8.0,0.0,36512.0,1.1,28.0,0.0,0.0,0.0,0,24.0,0.9371805787086488,1,0.07052681459223886
1627882,7000.0,0,16.02,246.17,4,26286,5,0,126000.0,9,17,2.58,5.0,664.0,1.0,2.0,0.0,0.0,9.34,21.0,0.0,0.0,0.0,0,8.9,0.9102483987808228,1,0.07606545586726865
1628117,2500.0,0,15.28,87.01,2,13949,10,0,42000.0,9,4,18.57,0.0,674.0,0.0,3.0,0.0,5037.0,45.8,22.0,0.0,0.0,0.0,0,15.5,0.9021612405776978,1,0.06711354039727357
1628337,6250.0,0,14.91,216.39,1,907,4,3,85000.0,4,5,9.81,1.0,734.0,0.0,28.0,0.0,10602.0,18.2,62.0,0.0,0.0,0.0,0,20.4,0.9110140204429626,1,0.06548772182240392
1628877,6400.0,1,6.0,123.73,4,7390,3,0,75000.0,4,9,3.09,0.0,699.0,0.0,5.0,0.0,241.0,7.3,10.0,0.0,0.0,0.0,0,8.2,0.9606504440307616,1,0.030741070198762925
1630618,14000.0,0,14.91,484.7,1,6983,8,4,80000.0,1,13,5.61,0.0,704.0,0.0,2.0,0.0,11984.0,82.1,18.0,0.0,0.0,0.0,0,12.8,0.9273988008499146,1,0.04433930692767474
1630981,5000.0,0,15.65,174.93,3,615,10,3,52000.0,2,4,6.3,1.0,684.0,0.0,5.0,0.0,5545.0,99.0,14.0,0.0,0.0,0.0,0,19.0,0.9065052270889282,1,0.06516385324877683
1632173,18000.0,0,14.54,619.93,0,24938,2,4,72000.0,2,19,6.63,1.0,684.0,0.0,6.0,0.0,13051.0,41.7,16.0,0.0,0.0,0.0,0,8.6,0.9066339731216432,1,0.04825295148749542
1632240,8000.0,0,15.65,279.88,3,33421,1,4,70000.0,2,7,5.04,0.0,679.0,0.0,3.0,0.0,8899.0,92.7,6.0,0.0,0.0,0.0,0,11.6,0.9093832969665528,1,0.07918342805007028
1632469,20000.0,0,14.54,688.81,0,5099,1,4,98000.0,2,25,7.74,0.0,694.0,0.0,7.0,0.0,21646.0,79.6,14.0,0.0,0.0,0.0,0,5.8,0.9431124329566956,1,0.0743019120007864
1632531,20000.0,0,14.54,688.81,0,13071,4,0,114996.0,2,4,13.89,0.0,694.0,0.0,8.0,0.0,34799.0,74.0,24.0,0.0,0.0,0.0,0,30.4,0.930151641368866,1,0.07430069320511068
1632596,20000.0,0,14.54,688.81,0,19362,2,0,120000.0,1,40,7.91,0.0,709.0,0.0,12.0,1.0,9578.0,87.6,25.0,0.0,0.0,0.0,0,18.0,0.9027308225631714,0,-0.06916481547007136
1632779,20000.0,0,15.28,696.06,2,49046,10,4,99000.0,1,31,8.99,0.0,699.0,0.0,11.0,0.0,25246.0,93.9,25.0,0.0,0.0,0.0,0,15.8,0.9101082682609558,1,0.07809389351430096
1632935,20000.0,0,14.91,692.43,1,13611,10,0,104000.0,2,25,6.57,0.0,689.0,2.0,8.0,0.0,20354.0,70.5,31.0,0.0,0.0,0.0,0,23.7,0.905419945716858,1,0.046951754215286634
1633341,6000.0,1,15.95,145.75,5,42264,2,0,140000.0,0,10,7.88,0.0,724.0,1.0,4.0,0.0,23736.0,98.1,22.0,0.0,0.0,0.0,0,11.2,0.9169130325317384,1,0.07685594846233679
1633585,7375.0,1,17.43,185.0,9,24649,1,4,140000.0,6,31,5.25,1.0,704.0,0.0,4.0,0.0,20392.0,40.8,5.0,0.0,0.0,0.0,0,8.5,0.9161489605903624,1,0.002889189071740184
1633759,5000.0,0,14.09,171.11,0,20182,10,3,120000.0,7,31,1.25,0.0,689.0,1.0,4.0,0.0,1756.0,80.1,4.0,0.0,0.0,0.0,0,3.1,0.9382082223892212,1,0.06972235327005127
1633847,20000.0,1,6.0,453.75,9,46256,1,4,73000.0,7,4,15.34,0.0,694.0,0.0,5.0,0.0,11582.0,87.7,7.0,0.0,0.0,0.0,0,5.9,0.9660368561744691,1,0.0779787193124184
1634082,1750.0,0,15.95,61.49,5,2723,2,3,12000.0,2,4,18.5,0.0,664.0,0.0,6.0,0.0,4429.0,90.4,7.0,0.0,0.0,0.0,0,3.4,0.9004274606704712,1,0.08146565788726368
1634157,3000.0,0,14.09,102.67,0,3377,2,4,21600.0,2,46,19.11,2.0,669.0,1.0,4.0,0.0,4763.0,52.3,9.0,0.0,0.0,0.0,0,4.9,0.9260022640228271,1,0.06466915552355768
1634248,15200.0,0,15.95,534.02,5,13889,10,0,123000.0,1,1,15.45,1.0,664.0,3.0,8.0,0.0,46672.0,80.6,30.0,0.0,0.0,0.0,0,18.6,0.9003187417984009,1,0.07684695928887453
1635065,3000.0,0,17.44,107.61,9,50042,8,4,95424.0,9,19,15.79,1.0,664.0,0.0,4.0,0.0,12578.0,99.8,19.0,0.0,0.0,0.0,0,12.1,0.9024338126182556,1,0.047054050498677384
1635187,5500.0,0,14.46,189.21,1,54552,5,4,20400.0,13,4,20.82,0.0,689.0,0.0,3.0,0.0,2717.0,69.7,5.0,0.0,0.0,0.0,0,3.4,0.9051458835601808,1,0.06759229045983317
1636432,1000.0,0,16.69,35.5,7,34482,2,4,14400.0,1,13,15.67,0.0,664.0,1.0,3.0,0.0,2924.0,81.2,8.0,0.0,0.0,0.0,0,3.1,0.933261215686798,0,-0.4782896553723833
1636819,20000.0,0,14.84,691.75,0,48695,10,0,120000.0,1,35,14.46,1.0,684.0,1.0,11.0,0.0,39880.0,82.1,36.0,0.0,0.0,0.0,0,27.4,0.9298970699310304,1,0.05159523500566676
1637211,5400.0,0,15.21,187.75,1,50324,4,0,85000.0,2,40,10.69,1.0,664.0,1.0,9.0,0.0,6900.0,78.4,51.0,0.0,0.0,0.0,0,17.4,0.9043279886245728,1,0.03019813626234935
1638187,1200.0,0,15.58,41.95,2,38081,5,0,25440.0,7,10,12.69,0.0,674.0,2.0,4.0,0.0,3804.0,79.2,11.0,0.0,0.0,0.0,0,3.2,0.9152076244354248,1,0.07956690551866541
1638625,12000.0,1,15.21,286.81,1,63075,10,4,100000.0,2,42,2.63,0.0,699.0,2.0,8.0,1.0,6897.0,25.5,38.0,0.0,0.0,0.0,0,13.2,0.9170644879341124,0,-0.17489996560159082
1638941,3600.0,0,15.95,126.48,3,23359,1,4,85000.0,2,18,2.95,1.0,679.0,0.0,2.0,0.0,5824.0,97.1,5.0,0.0,0.0,0.0,0,12.0,0.9217665195465088,1,0.0778750221522837
1639957,20000.0,0,14.84,691.75,0,22246,3,0,120000.0,1,19,8.69,0.0,684.0,0.0,7.0,1.0,8042.0,78.8,21.0,0.0,0.0,0.0,0,20.4,0.9224636554718018,1,0.07583462064933677
1640005,15000.0,1,16.45,368.37,5,52746,10,4,45000.0,13,18,2.56,1.0,684.0,0.0,5.0,0.0,2306.0,37.2,10.0,0.0,0.0,0.0,0,10.3,0.9222201704978944,0,-0.05036834593338746
1640217,15000.0,0,15.58,524.26,2,7382,10,0,54996.0,2,4,4.58,1.0,689.0,1.0,2.0,0.0,0.0,0.0,25.0,0.0,0.0,0.0,0,13.2,0.9163799285888672,0,-0.3123959973684802
1640534,3325.0,0,16.32,117.43,4,10240,1,4,75000.0,2,31,5.06,0.0,664.0,1.0,3.0,0.0,5350.0,79.9,16.0,0.0,0.0,0.0,0,12.7,0.903457760810852,0,-0.19355149216168452
1640762,8000.0,0,15.95,281.06,3,23053,4,3,70000.0,13,10,8.49,0.0,689.0,2.0,3.0,0.0,17524.0,70.1,4.0,0.0,0.0,0.0,0,3.5,0.9216906428337096,1,0.07731126412393174
1642404,8825.0,0,15.7,308.96,3,30769,10,0,80000.0,4,45,10.56,1.0,669.0,0.0,9.0,0.0,5856.0,27.2,42.0,0.0,0.0,0.0,0,11.8,0.9016427397727966,1,0.0552715448813077
1643762,25000.0,0,14.59,861.63,0,11952,9,0,250000.0,2,44,22.72,0.0,714.0,2.0,13.0,0.0,38535.0,62.8,34.0,0.0,0.0,0.0,0,22.5,0.9192212224006652,1,0.02576385074208476
1643965,1000.0,0,14.96,34.65,1,36450,1,4,12240.0,3,20,20.98,0.0,674.0,3.0,4.0,0.0,5351.0,42.8,5.0,0.0,0.0,0.0,0,3.8,0.9079236388206482,0,-0.6443106695509937
1643967,25000.0,0,15.7,875.27,3,14165,10,0,273000.0,2,27,17.02,0.0,699.0,0.0,10.0,0.0,67242.0,89.9,33.0,0.0,0.0,0.0,0,22.1,0.936578333377838,1,0.08020269940731772
1644298,10000.0,0,15.33,348.29,2,21494,10,0,68000.0,1,47,15.37,0.0,674.0,0.0,6.0,1.0,7552.0,84.9,14.0,0.0,0.0,0.0,0,13.1,0.9187758564949036,1,0.07795494685365068
1645565,1300.0,0,14.96,45.05,1,8848,10,0,46500.0,1,22,16.0,3.0,664.0,0.0,7.0,0.0,8856.0,90.0,32.0,0.0,0.0,0.0,0,18.5,0.9071528315544128,1,0.02641410566267877
1646461,16000.0,0,14.96,554.32,1,32735,3,3,106000.0,2,42,9.87,0.0,694.0,2.0,4.0,0.0,34896.0,87.5,29.0,0.0,0.0,0.0,0,12.3,0.9075933694839478,1,0.056988758126492074
1646832,15000.0,0,14.61,517.13,0,12028,8,0,156000.0,4,40,7.83,0.0,684.0,2.0,15.0,0.0,6618.0,30.5,28.0,0.0,0.0,0.0,0,15.7,0.9044401049613952,1,0.04346104220705516
1647134,4000.0,0,14.61,137.91,0,48381,3,4,39000.0,13,4,10.68,0.0,724.0,0.0,3.0,0.0,1942.0,48.5,5.0,0.0,0.0,0.0,0,3.5,0.9169192314147948,1,0.07464952817553616
1647184,4500.0,0,14.61,155.14,0,22671,8,3,50000.0,2,35,19.78,0.0,739.0,2.0,27.0,0.0,7114.0,9.2,47.0,0.0,0.0,0.0,0,6.8,0.9415578246116638,1,0.07465437805416042
1647515,2500.0,0,16.7,88.76,6,21628,10,0,146000.0,7,4,24.12,0.0,684.0,1.0,29.0,0.0,27433.0,56.8,54.0,0.0,0.0,0.0,0,29.4,0.9175252914428712,1,0.08520748593807981
1647573,6000.0,0,14.96,207.87,1,4616,5,4,36000.0,13,40,13.8,0.0,689.0,3.0,3.0,0.0,2439.0,78.7,3.0,0.0,0.0,0.0,0,3.7,0.916580617427826,1,0.07641766003958872
1648588,2000.0,0,16.0,70.32,4,50171,4,0,79000.0,11,13,12.58,0.0,684.0,2.0,9.0,0.0,4047.0,30.7,17.0,0.0,0.0,0.0,0,9.0,0.9290918707847596,1,0.08169094269739152
1648685,4000.0,0,16.0,140.63,4,20634,2,4,67000.0,2,1,14.61,0.0,679.0,1.0,3.0,0.0,1478.0,73.9,18.0,0.0,0.0,0.0,0,13.5,0.9058704972267152,1,0.06033824765295659
1648720,5000.0,0,14.61,172.38,0,8081,5,0,95000.0,2,4,0.25,1.0,699.0,0.0,4.0,0.0,521.0,57.9,11.0,0.0,0.0,0.0,0,9.1,0.912084698677063,0,0.03659264551221564
1648755,1000.0,0,14.61,34.48,0,52000,10,0,42588.0,4,44,17.75,0.0,679.0,1.0,5.0,0.0,12161.0,95.8,16.0,0.0,0.0,0.0,0,30.8,0.9239537119865416,1,0.015465612539128147
1648941,10000.0,0,15.37,348.47,4,29624,3,4,76000.0,0,22,12.55,0.0,669.0,2.0,9.0,0.0,5466.0,42.4,12.0,0.0,0.0,0.0,0,3.9,0.9198470711708068,1,0.07849581097159453
1648948,4000.0,0,14.11,136.92,0,53644,2,4,69996.0,2,28,2.43,0.0,684.0,2.0,7.0,0.0,4177.0,41.4,11.0,0.0,0.0,0.0,0,3.1,0.9125273823738098,1,0.028029924954111385
1649146,25000.0,0,16.32,882.84,7,9564,4,0,285000.0,1,33,14.67,0.0,689.0,0.0,12.0,0.0,95324.0,96.4,24.0,0.0,0.0,0.0,0,20.1,0.9138965606689452,1,0.05665395913141525
1649839,2400.0,0,14.42,82.52,1,48355,10,0,176000.0,4,40,9.69,1.0,664.0,0.0,23.0,0.0,85359.0,72.0,44.0,0.0,0.0,0.0,0,21.0,0.9232767224311828,1,0.04200302603489359
1650355,5000.0,0,14.42,171.92,1,4499,2,4,107028.0,11,42,1.96,0.0,699.0,0.0,5.0,0.0,4233.0,46.0,7.0,0.0,0.0,0.0,0,7.3,0.9132819771766664,0,-0.11605422006963795
1650408,20000.0,0,14.42,687.66,1,21717,10,0,259000.0,6,37,16.97,0.0,699.0,2.0,14.0,0.0,58981.0,84.9,47.0,0.0,0.0,0.0,0,21.4,0.9336616396903992,1,0.061781010977193025
1650699,2000.0,0,15.05,69.39,3,44454,10,4,50000.0,7,4,22.99,0.0,669.0,2.0,4.0,0.0,6712.0,64.5,8.0,0.0,0.0,0.0,0,10.8,0.9181475043296814,1,0.06608195717194665
1650750,15000.0,0,14.42,515.74,1,25534,9,0,72000.0,2,31,12.25,0.0,699.0,2.0,8.0,0.0,35761.0,92.2,31.0,0.0,0.0,0.0,0,14.6,0.9071074128150941,1,0.07369300540217605
1651055,20000.0,0,14.74,690.74,2,53096,1,0,75000.0,9,21,0.32,0.0,704.0,0.0,4.0,0.0,2229.0,14.1,19.0,0.0,0.0,0.0,0,7.8,0.902542769908905,1,0.07621598025133247
1651255,6000.0,0,14.42,206.3,1,19308,10,4,100000.0,2,9,13.57,0.0,664.0,0.0,19.0,0.0,27254.0,80.4,33.0,0.0,0.0,0.0,0,14.2,0.9041736125946044,1,0.07369107818600651
1651354,4800.0,0,14.11,164.3,0,18157,2,0,89004.0,4,40,10.64,0.0,664.0,1.0,9.0,0.0,17965.0,79.5,19.0,0.0,0.0,0.0,0,16.3,0.9184026718139648,1,0.07209002441546852
1651497,13000.0,0,14.42,446.98,1,4756,4,4,94000.0,2,44,16.46,0.0,704.0,1.0,20.0,0.0,24400.0,32.4,52.0,0.0,0.0,0.0,0,8.7,0.9560518264770508,1,0.06480017408918859
1651520,1000.0,0,14.42,34.39,1,30555,7,0,50000.0,2,20,7.39,0.0,694.0,1.0,6.0,0.0,6519.0,98.8,24.0,0.0,0.0,0.0,0,13.3,0.9149317145347596,1,0.07367452998194346
1651755,4000.0,0,13.67,136.08,1,45757,2,4,15000.0,0,9,14.0,0.0,664.0,0.0,9.0,0.0,5617.0,87.8,13.0,0.0,0.0,0.0,0,8.3,0.949165940284729,0,-0.1244221504030959
1652952,6000.0,0,12.61,201.04,0,25263,9,0,50000.0,2,22,3.89,0.0,669.0,0.0,9.0,0.0,20845.0,47.7,33.0,0.0,0.0,0.0,0,16.4,0.92094224691391,1,0.06449400295111163
1653798,20000.0,0,14.38,687.25,8,7260,6,4,83000.0,1,31,16.05,0.0,669.0,0.0,11.0,0.0,27293.0,86.6,14.0,0.0,0.0,0.0,0,6.0,0.9372808337211608,1,0.07348415146554554
1654120,10250.0,0,14.38,352.22,8,12392,4,4,72000.0,2,9,17.83,0.0,689.0,1.0,28.0,0.0,3815.0,6.5,32.0,0.0,0.0,0.0,0,3.6,0.9129989743232728,1,0.03742318865962768
1752000,6250.0,0,16.99,222.8,0,47625,10,0,79000.0,9,28,7.82,0.0,674.0,0.0,8.0,1.0,5111.0,51.6,36.0,0.0,0.0,0.0,0,25.8,0.917749047279358,1,0.08416907081788373
1752834,1000.0,0,19.97,37.15,4,3586,2,4,45000.0,12,4,27.31,0.0,709.0,1.0,20.0,0.0,8135.0,31.2,25.0,0.0,0.0,0.0,0,8.9,0.9069113731384276,1,0.04376348483184711
1753586,21000.0,0,16.99,748.61,0,14108,10,0,142000.0,4,28,4.68,0.0,679.0,4.0,6.0,0.0,23965.0,66.2,22.0,0.0,0.0,0.0,0,24.8,0.9047653675079346,1,0.0885257706303042
1754167,20000.0,0,18.25,725.56,2,42772,10,3,100000.0,1,9,4.75,0.0,684.0,0.0,4.0,0.0,15223.0,87.5,4.0,0.0,0.0,0.0,0,8.7,0.925353705883026,0,-0.14237313711320998
1754168,16000.0,1,17.57,402.57,1,36232,2,0,73500.0,4,40,1.08,0.0,719.0,2.0,5.0,0.0,3256.0,29.9,14.0,0.0,0.0,0.0,0,12.3,0.9060018658638,0,-0.09169798307401167
1754814,28200.0,0,17.57,1013.43,1,50421,10,0,75000.0,2,37,5.58,0.0,699.0,0.0,12.0,8.0,8623.0,34.4,16.0,0.0,0.0,0.0,0,17.4,0.9001204967498779,1,0.08963596307542887
1754894,1000.0,0,18.25,36.28,2,32862,9,0,30000.0,9,9,32.27,1.0,679.0,1.0,16.0,0.0,8306.0,39.2,34.0,0.0,0.0,0.0,0,18.8,0.9473319053649902,1,0.047336238126411516
1756706,3500.0,0,23.7,136.77,10,43118,3,0,215000.0,9,28,14.42,0.0,669.0,1.0,26.0,0.0,161363.0,87.2,40.0,0.0,0.0,0.0,0,26.8,0.9250339865684508,1,0.12046871153974825
1756836,14200.0,0,16.99,506.2,0,47761,8,4,150000.0,1,31,5.74,0.0,679.0,1.0,6.0,0.0,29450.0,96.9,10.0,0.0,0.0,0.0,0,8.3,0.9127056002616882,0,-0.13586983784209272
1756974,1400.0,0,17.57,50.32,1,2851,3,4,52000.0,2,13,26.33,1.0,669.0,1.0,11.0,0.0,6593.0,58.3,19.0,0.0,0.0,0.0,0,8.2,0.9265927076339722,1,0.0896186630090432
1757167,5375.0,0,16.99,191.61,0,28174,10,0,85000.0,0,10,11.59,9.0,664.0,0.0,27.0,2.0,3261.0,88.1,47.0,0.0,0.0,0.0,0,14.8,0.9031143188476562,1,0.0424922826501819
1757305,35000.0,0,17.57,1257.8,1,56096,10,0,377031.0,2,22,12.56,0.0,789.0,1.0,13.0,0.0,104243.0,18.2,55.0,0.0,0.0,0.0,0,22.9,0.9220291376113892,1,0.052124668764153885
1757416,9750.0,0,16.99,347.57,0,1264,10,4,117000.0,2,4,5.36,3.0,664.0,2.0,4.0,0.0,12833.0,85.6,24.0,0.0,0.0,0.0,0,10.8,0.925541877746582,1,0.04076916454089319
1759277,15000.0,0,19.97,557.23,4,35972,1,0,200000.0,2,19,2.68,0.0,669.0,0.0,4.0,2.0,1240.0,77.5,11.0,0.0,0.0,0.0,0,13.8,0.935806930065155,1,0.08739734017604084
1761014,1000.0,0,16.99,35.65,0,37152,2,3,18200.0,9,4,30.54,0.0,674.0,4.0,9.0,0.0,1969.0,28.5,29.0,0.0,0.0,0.0,0,31.4,0.9209680557250975,1,0.08640004164488467
1761082,27000.0,0,17.57,970.31,1,29294,7,0,115000.0,2,34,14.18,0.0,684.0,2.0,11.0,0.0,27217.0,91.6,28.0,0.0,0.0,0.0,0,23.3,0.9010710120201112,0,-0.2221820957965822
1761938,11450.0,1,6.0,4.93,5,33437,10,4,100000.0,1,13,21.32,0.0,699.0,2.0,15.0,0.0,43054.0,76.2,38.0,0.0,0.0,0.0,0,13.8,0.9662394523620604,1,0.09498485208582208
1762593,20000.0,0,17.76,720.65,0,11559,10,4,110000.0,1,4,12.33,1.0,664.0,1.0,8.0,0.0,19768.0,91.5,28.0,0.0,0.0,0.0,0,12.5,0.902337372303009,1,0.08782567424884546
1762673,1500.0,0,23.7,58.62,10,62521,5,4,36000.0,9,4,20.7,0.0,699.0,0.0,5.0,0.0,17708.0,82.7,13.0,0.0,0.0,0.0,0,8.2,0.9039440751075744,1,0.01292341398222474
1762743,25000.0,0,19.52,922.99,3,6801,10,3,200000.0,2,40,15.71,1.0,694.0,0.0,19.0,0.0,35299.0,63.9,42.0,0.0,0.0,0.0,0,33.9,0.9116979241371156,1,0.089909820556072
1764612,6000.0,0,19.2,220.55,2,59165,10,3,110000.0,2,31,1.99,0.0,674.0,1.0,10.0,1.0,4436.0,33.4,38.0,0.0,0.0,0.0,0,13.3,0.9063364863395692,1,0.02491586606207874
1764718,3500.0,0,18.55,127.51,1,44992,8,4,144000.0,9,4,8.53,0.0,664.0,1.0,8.0,2.0,4143.0,51.1,32.0,0.0,0.0,0.0,0,15.7,0.9280273318290709,1,0.0865081582529672
1765018,15000.0,0,17.76,540.49,0,7890,10,4,120000.0,2,28,8.83,3.0,684.0,0.0,13.0,0.0,97335.0,72.4,29.0,0.0,0.0,1.0,0,25.8,0.9288983345031738,1,0.09006798484877154
1766534,2000.0,0,23.7,78.16,10,49957,2,4,80000.0,9,4,7.17,0.0,674.0,0.0,3.0,0.0,412.0,20.6,9.0,0.0,0.0,0.0,0,24.0,0.9338397979736328,1,0.1204567673908461
1766597,4000.0,0,17.76,144.13,0,9379,9,0,84000.0,9,44,19.54,0.0,674.0,1.0,7.0,1.0,8092.0,62.7,19.0,0.0,0.0,0.0,0,28.4,0.9204745888710022,0,0.033114649063628036
1768938,5000.0,0,18.55,182.15,1,39144,10,0,250000.0,11,21,11.38,0.0,734.0,1.0,24.0,0.0,25565.0,31.3,50.0,0.0,0.0,0.0,0,18.9,0.9306074380874634,1,0.09458149865426946
1769519,5375.0,0,18.55,195.81,1,62779,10,0,60000.0,2,3,1.15,0.0,704.0,1.0,4.0,0.0,1236.0,42.6,13.0,0.0,0.0,0.0,0,10.2,0.9013647437095642,1,0.005221545256155703
1770073,1600.0,0,19.2,58.82,2,2487,10,4,70000.0,7,40,10.66,0.0,669.0,0.0,7.0,0.0,10383.0,76.9,31.0,0.0,0.0,0.0,0,25.8,0.9165121912956238,1,0.020249027417888144
1770325,2400.0,0,23.7,93.79,10,50421,10,0,84000.0,11,34,19.91,0.0,679.0,1.0,10.0,0.0,23432.0,74.4,21.0,0.0,0.0,0.0,0,19.4,0.9017679691314696,1,0.06309993038435248
1770459,5000.0,0,20.2,186.33,4,1943,10,4,107000.0,9,25,11.86,0.0,699.0,0.0,4.0,0.0,39904.0,98.5,17.0,0.0,0.0,0.0,0,14.7,0.9308476448059082,1,0.09837722149315976
1770476,3000.0,0,20.2,111.8,4,5025,7,4,50000.0,13,6,5.42,0.0,694.0,0.0,3.0,0.0,10133.0,94.7,6.0,0.0,0.0,0.0,0,13.1,0.933233916759491,1,0.10289764516555457
1770532,1500.0,0,17.76,54.05,0,7483,1,4,15000.0,9,13,31.36,0.0,689.0,2.0,8.0,1.0,4739.0,64.9,13.0,0.0,0.0,0.0,0,11.0,0.9249719977378844,1,0.0905926577165046
1770789,3200.0,0,21.0,120.57,5,3890,8,0,200000.0,2,21,2.26,1.0,669.0,1.0,8.0,0.0,727.0,22.7,11.0,0.0,0.0,0.0,0,10.8,0.9038058519363404,1,0.045942389894492175
1771618,5000.0,0,20.2,186.33,4,26967,10,0,75000.0,2,11,8.49,1.0,684.0,0.0,10.0,0.0,17949.0,70.9,36.0,0.0,0.0,0.0,0,26.0,0.9303550720214844,1,0.10288334459992733
1771921,3600.0,0,21.7,136.93,6,11421,8,0,175000.0,4,28,6.78,1.0,679.0,1.0,9.0,0.0,11189.0,74.1,28.0,0.0,0.0,0.0,0,11.9,0.9085929393768309,1,0.11044210562022604
1771941,1200.0,0,23.7,46.9,10,24154,5,4,50000.0,2,28,12.72,0.0,664.0,1.0,12.0,0.0,12544.0,78.4,12.0,0.0,0.0,0.0,0,8.8,0.9126707911491394,1,0.12038438121401862
1771946,5000.0,0,17.76,180.17,0,52310,10,4,44000.0,2,31,2.62,1.0,669.0,0.0,2.0,1.0,3302.0,55.0,8.0,0.0,0.0,0.0,0,23.2,0.928527057170868,1,0.0905905840859358
1772415,1200.0,0,20.2,44.72,4,1633,6,4,30000.0,8,4,9.8,0.0,684.0,0.0,14.0,0.0,7366.0,57.5,33.0,0.0,0.0,0.0,0,12.3,0.9329123497009276,1,0.03613042968027913
1772789,19075.0,0,17.76,687.32,0,47625,5,0,100000.0,1,31,19.38,1.0,669.0,0.0,25.0,0.0,21411.0,93.1,53.0,0.0,0.0,0.0,0,18.9,0.9007893204689026,1,0.09059523952963544
1775079,20000.0,0,17.76,720.65,0,14627,5,3,160000.0,2,31,7.72,2.0,694.0,0.0,8.0,1.0,7228.0,24.8,21.0,0.0,0.0,0.0,0,31.1,0.9169278740882874,1,0.08597355757297764
1775215,1500.0,0,23.7,58.62,10,38042,2,4,41100.0,2,4,23.59,0.0,679.0,0.0,10.0,0.0,17303.0,81.6,31.0,0.0,0.0,0.0,0,11.4,0.9044800996780396,1,0.030668550935398557
1775496,10000.0,0,18.55,364.29,1,7319,1,4,35000.0,13,28,14.35,0.0,709.0,0.0,6.0,0.0,3715.0,48.9,6.0,0.0,0.0,0.0,0,9.1,0.9122928977012634,1,0.07704381325570897
1777057,35000.0,0,19.2,1286.51,2,14407,4,0,280000.0,2,4,3.93,1.0,674.0,2.0,7.0,0.0,17462.0,62.6,37.0,0.0,0.0,0.0,0,24.3,0.94762921333313,1,0.06687541177519063
1777073,1825.0,0,17.76,65.76,0,1428,2,0,21000.0,1,35,32.64,0.0,684.0,0.0,12.0,0.0,6653.0,64.6,14.0,0.0,0.0,0.0,0,5.3,0.9078423976898192,1,0.01874504390197207
1777366,35000.0,0,21.0,1318.63,5,23840,8,0,700000.0,9,18,5.11,6.0,694.0,3.0,13.0,0.0,63694.0,85.8,46.0,0.0,0.0,0.0,0,28.2,0.9171532392501832,1,0.10794383223868008
1777536,1100.0,0,20.2,41.0,4,46988,1,4,35000.0,2,40,12.65,0.0,664.0,0.0,5.0,0.0,3398.0,43.6,14.0,0.0,0.0,0.0,0,8.3,0.9013615846633912,1,0.039949962108780664
1779712,35000.0,0,18.55,1275.02,1,51268,6,0,350000.0,4,28,15.24,0.0,669.0,1.0,16.0,1.0,213862.0,42.7,37.0,0.0,0.0,0.0,0,15.1,0.9012760519981384,0,-0.017933793561691114
1782131,3000.0,0,21.0,113.03,5,60322,10,0,95000.0,2,4,7.64,0.0,669.0,1.0,10.0,1.0,4090.0,50.5,36.0,0.0,0.0,0.0,0,14.8,0.910236358642578,1,0.08207211539712311
1782376,3000.0,0,17.76,108.1,0,38080,10,0,120000.0,4,21,8.68,1.0,664.0,2.0,8.0,0.0,4448.0,75.4,13.0,0.0,0.0,0.0,0,12.8,0.915263831615448,1,0.09059265768448088
1783083,35000.0,0,17.76,1261.13,0,42456,1,0,175000.0,1,40,12.53,0.0,689.0,1.0,13.0,0.0,49580.0,75.2,30.0,0.0,0.0,0.0,0,24.8,0.9167199134826659,1,0.08366958360943011
1783510,2000.0,0,17.76,72.07,0,3601,3,0,150000.0,2,14,9.72,0.0,689.0,2.0,8.0,0.0,22087.0,89.4,28.0,0.0,0.0,0.0,0,13.3,0.942372500896454,1,0.09058747366276763
1783537,1800.0,0,18.55,65.58,1,42844,2,4,88000.0,12,35,8.14,0.0,664.0,0.0,5.0,1.0,9918.0,79.3,17.0,0.0,0.0,0.0,0,27.4,0.94345885515213,1,0.09397532773732076
1783973,2000.0,0,19.2,73.52,2,45377,2,0,112450.0,4,44,9.55,1.0,699.0,1.0,10.0,0.0,6219.0,61.0,26.0,0.0,0.0,0.0,0,13.4,0.9261493682861328,1,0.033791911155281795
1784668,5000.0,0,21.0,188.38,5,13727,6,0,195000.0,9,13,2.32,0.0,684.0,1.0,7.0,3.0,4002.0,95.3,26.0,0.0,0.0,0.0,0,36.0,0.9478834271430968,1,0.10650253206806017
1785776,1200.0,0,23.1,46.52,8,1408,3,4,47500.0,9,47,13.95,0.0,669.0,1.0,12.0,0.0,6879.0,84.9,17.0,0.0,0.0,0.0,0,16.6,0.907029390335083,1,0.024323727941321985
1786381,3600.0,0,18.55,131.15,1,23091,10,0,67000.0,0,4,18.65,0.0,664.0,2.0,7.0,0.0,8955.0,85.3,31.0,0.0,0.0,0.0,0,12.4,0.9009153246879578,1,0.02844523373809205
1786525,8575.0,0,18.55,312.38,1,47329,10,0,98000.0,9,31,26.49,1.0,674.0,0.0,11.0,0.0,7785.0,37.4,41.0,1.0,26667.0,0.0,0,19.4,0.9532590508461,1,0.07552262195559356
1786832,1200.0,0,19.2,44.11,2,47065,10,4,71000.0,1,4,14.13,0.0,709.0,1.0,11.0,0.0,10552.0,59.6,29.0,0.0,0.0,0.0,0,30.4,0.9134852290153505,1,0.020249156876709584
1787509,35000.0,0,18.55,1275.02,1,7617,7,3,180000.0,5,18,21.3,0.0,709.0,1.0,23.0,0.0,141411.0,61.3,41.0,0.0,0.0,0.0,0,18.8,0.9314054250717164,0,-0.01204585328659902
1788126,4000.0,0,19.52,147.68,3,29298,6,4,138000.0,1,4,12.06,3.0,689.0,0.0,9.0,0.0,7157.0,98.0,18.0,0.0,0.0,0.0,0,19.9,0.9104820489883424,1,0.09956084935820164
1788743,2000.0,0,20.2,74.54,4,13999,2,4,40000.0,6,10,8.21,0.0,674.0,0.0,4.0,0.0,1856.0,84.4,5.0,0.0,0.0,0.0,0,4.2,0.9416903853416444,1,0.10288635907076647
1789309,2000.0,0,19.2,73.52,2,44158,1,0,120000.0,9,10,16.85,0.0,694.0,1.0,12.0,0.0,8453.0,55.2,36.0,0.0,0.0,0.0,0,27.1,0.9175962209701538,1,0.08823410160427336
1789387,18000.0,0,17.76,648.58,0,14709,5,4,75000.0,1,13,7.2,1.0,689.0,3.0,8.0,0.0,13673.0,45.0,12.0,0.0,0.0,0.0,0,35.3,0.9077204465866088,1,0.09059611370869323
1791328,5000.0,0,19.52,184.6,3,1789,10,4,82940.0,8,13,8.7,1.0,669.0,0.0,7.0,1.0,5042.0,91.7,23.0,0.0,0.0,0.0,0,29.4,0.9401124119758606,1,0.09947467363021212
1791991,5000.0,0,20.2,186.33,4,17754,10,0,87000.0,12,25,20.76,0.0,714.0,1.0,8.0,0.0,3849.0,96.2,30.0,0.0,0.0,0.0,0,27.1,0.9027891159057616,1,0.08352301741028634
1792633,17875.0,0,19.52,659.94,3,18375,4,0,178008.0,9,1,7.58,0.0,704.0,2.0,8.0,1.0,1450.0,18.4,46.0,0.0,0.0,0.0,0,16.0,0.9165481328964232,1,0.10034380206837246
1792740,6700.0,0,18.55,244.08,1,46501,1,0,237000.0,9,13,12.99,1.0,689.0,2.0,12.0,0.0,25336.0,97.4,48.0,0.0,0.0,0.0,0,25.0,0.9026029109954834,1,0.02844514613988625
1792763,15000.0,1,6.0,298.24,7,24262,5,0,43855.0,2,10,25.56,0.0,669.0,1.0,7.0,0.0,20241.0,90.0,8.0,0.0,0.0,0.0,0,6.8,0.9640830159187316,1,0.1072410397600716
1794485,35000.0,0,17.76,1261.13,0,9109,10,0,225000.0,2,28,9.99,0.0,714.0,2.0,15.0,0.0,38022.0,95.8,26.0,0.0,0.0,0.0,0,36.2,0.9210745096206664,1,0.06329797230474242
1794929,5800.0,0,21.7,220.61,6,26367,2,4,180000.0,2,10,7.66,1.0,664.0,2.0,5.0,1.0,0.0,0.0,27.0,1.0,597.0,1.0,0,18.8,0.902863621711731,1,0.11028307209617627
1795073,3350.0,0,18.55,122.04,1,59594,10,0,140000.0,4,31,21.47,1.0,679.0,4.0,24.0,0.0,204712.0,80.9,47.0,0.0,0.0,0.0,0,33.6,0.9280564188957214,1,0.09458198391659113
1795888,5000.0,0,18.55,182.15,1,530,6,0,87000.0,2,13,15.54,3.0,664.0,3.0,7.0,0.0,1198.0,79.9,17.0,0.0,0.0,0.0,0,13.2,0.9118376970291138,1,0.07962263908137435
1798411,2500.0,0,17.76,90.09,0,19600,9,4,43000.0,12,25,19.28,0.0,719.0,0.0,7.0,1.0,4840.0,24.1,15.0,0.0,0.0,0.0,0,18.7,0.9077328443527222,0,-0.0038279679746443533
1798998,5000.0,0,19.52,184.6,3,56055,10,0,200000.0,9,9,14.52,2.0,694.0,0.0,11.0,0.0,26366.0,61.6,52.0,0.0,0.0,0.0,0,33.7,0.9328914880752563,1,0.09835843299568103
1799152,10500.0,0,17.76,378.34,0,25664,8,0,150000.0,0,25,15.09,0.0,699.0,2.0,14.0,0.0,33968.0,77.6,23.0,0.0,0.0,0.0,0,12.0,0.914298176765442,1,0.09059561998854072
1799297,4000.0,0,21.0,150.71,5,36957,5,0,62400.0,13,3,11.69,0.0,739.0,0.0,3.0,0.0,4068.0,101.7,10.0,0.0,0.0,0.0,0,12.5,0.9341557025909424,1,0.10691767827315646
1799898,4200.0,0,19.52,155.07,3,4616,1,3,179000.0,1,20,6.63,0.0,679.0,2.0,5.0,0.0,10573.0,73.4,33.0,0.0,0.0,0.0,0,13.6,0.9279024004936218,1,0.05426159129727859
1801783,10975.0,0,18.25,398.16,1,25218,10,0,200000.0,4,4,10.22,0.0,704.0,3.0,9.0,0.0,2860.0,42.1,23.0,0.0,0.0,0.0,0,13.3,0.9030360579490662,1,0.09306808853790892
1802443,3825.0,0,20.31,142.76,4,600,1,4,55000.0,9,4,9.91,1.0,664.0,1.0,8.0,1.0,444.0,13.9,40.0,0.0,0.0,0.0,0,12.2,0.9072520136833192,1,0.07363594249624539
1802741,5125.0,0,20.31,191.28,4,31827,10,4,116000.0,1,31,7.71,0.0,664.0,1.0,11.0,0.0,6307.0,52.6,33.0,0.0,0.0,0.0,0,15.9,0.9087939262390136,1,0.10345099144586144
1802779,16000.0,0,17.56,574.92,0,41049,2,4,108000.0,13,13,6.34,0.0,679.0,0.0,7.0,0.0,17939.0,61.6,8.0,0.0,0.0,0.0,0,5.3,0.9029559493064879,1,0.03682304438635664
1802900,3500.0,0,20.31,130.63,4,25741,8,4,70000.0,7,4,9.29,1.0,674.0,0.0,8.0,0.0,3908.0,46.0,40.0,0.0,0.0,0.0,0,16.8,0.902312695980072,1,0.10333814760079264
1803532,16000.0,0,18.85,585.29,2,22329,10,0,230000.0,9,18,11.6,0.0,664.0,1.0,24.0,0.0,34368.0,52.6,54.0,0.0,0.0,0.0,0,27.1,0.911106824874878,1,0.02889936145562255
1803693,2000.0,0,19.52,73.84,3,6101,2,4,40000.0,12,3,22.8,0.0,709.0,0.0,8.0,0.0,2305.0,50.1,9.0,0.0,0.0,0.0,0,4.8,0.9184521436691284,1,0.0994749560412993
1803705,2500.0,0,17.56,89.84,0,38346,7,4,44000.0,13,45,7.8,0.0,684.0,0.0,6.0,1.0,10930.0,62.1,13.0,0.0,0.0,0.0,0,37.9,0.9241110682487488,1,0.0609875690063566
1804288,3200.0,0,20.31,119.43,4,35923,1,4,70000.0,2,9,8.66,1.0,689.0,1.0,4.0,0.0,2753.0,78.7,7.0,0.0,0.0,0.0,0,10.8,0.9189756512641908,1,0.060100297671866525
1805670,6400.0,0,18.85,234.12,2,22922,10,0,200000.0,11,9,2.65,1.0,664.0,1.0,14.0,1.0,11831.0,67.2,40.0,0.0,0.0,0.0,0,21.4,0.9308541417121888,1,0.045160929859918715
1807087,7250.0,0,18.85,265.21,2,13020,10,0,90000.0,9,4,3.44,0.0,689.0,3.0,5.0,0.0,263.0,4.8,27.0,0.0,0.0,0.0,0,13.3,0.9037242531776428,1,0.02889974745724566
1807308,3000.0,0,18.85,109.75,2,18538,10,3,90000.0,9,31,7.47,2.0,684.0,2.0,2.0,0.0,5455.0,90.9,19.0,0.0,0.0,0.0,0,18.9,0.9210304617881776,1,0.09255393424740754
1808219,1200.0,0,17.56,43.12,0,9935,8,0,55000.0,9,9,20.86,2.0,674.0,1.0,12.0,0.0,49490.0,91.2,28.0,0.0,0.0,0.0,0,35.1,0.907541573047638,1,0.0895820561887426
1808561,8500.0,0,17.56,305.43,0,18089,10,0,120000.0,2,39,7.88,1.0,664.0,2.0,11.0,1.0,4448.0,69.5,56.0,0.0,0.0,0.0,0,20.2,0.9119501113891602,1,0.004860978693022045
1808567,5000.0,0,17.56,179.67,0,47093,1,4,50000.0,13,28,5.45,0.0,664.0,0.0,5.0,0.0,10935.0,64.7,10.0,0.0,0.0,0.0,0,4.7,0.9227880239486694,1,0.033889837827340015
1809090,1000.0,0,18.25,36.28,1,57991,10,4,65000.0,1,27,29.11,0.0,674.0,1.0,21.0,0.0,21575.0,69.6,41.0,0.0,0.0,0.0,0,10.7,0.900696873664856,1,0.09306430085441586
1809472,16025.0,0,18.85,586.2,2,10608,8,4,97000.0,1,31,8.4,3.0,674.0,0.0,11.0,0.0,18612.0,83.5,24.0,0.0,0.0,0.0,0,15.6,0.9104983806610109,1,0.041312724067738234
1809545,3000.0,0,17.56,107.8,0,15191,10,0,75000.0,6,4,6.02,0.0,664.0,1.0,12.0,0.0,13045.0,78.6,32.0,0.0,0.0,0.0,0,11.8,0.9008057117462158,1,0.060899504603370014
1809763,7500.0,0,18.85,274.36,2,12055,10,0,100000.0,2,4,11.44,2.0,714.0,0.0,8.0,0.0,5027.0,68.9,20.0,0.0,0.0,0.0,0,19.2,0.9032140970230104,1,0.028899307739120195
1809772,1000.0,0,19.52,36.92,3,5713,3,4,23712.0,12,16,17.91,0.0,764.0,2.0,6.0,0.0,1266.0,16.9,6.0,0.0,0.0,0.0,0,7.9,0.9398514032363892,1,0.0505737606191945
1809787,1800.0,0,19.52,66.46,3,52703,10,3,75000.0,9,25,21.58,0.0,689.0,0.0,17.0,0.0,38124.0,82.5,63.0,0.0,0.0,0.0,0,31.0,0.9163506031036376,1,0.09457846530509606
1810062,3200.0,0,20.31,119.43,4,48389,4,4,11000.0,13,13,21.63,0.0,704.0,1.0,5.0,0.0,6568.0,47.9,10.0,0.0,0.0,0.0,0,3.8,0.9204158186912536,1,0.10345474260844556
1810706,35000.0,0,22.7,1349.38,9,20366,9,0,500000.0,4,31,10.67,2.0,684.0,1.0,10.0,0.0,33661.0,85.0,38.0,0.0,0.0,0.0,0,23.1,0.9070105552673341,0,-0.2902597751816985
1810986,1000.0,0,17.56,35.94,0,11930,8,0,97200.0,6,10,27.53,0.0,689.0,0.0,8.0,0.0,45410.0,101.4,25.0,0.0,0.0,0.0,0,21.7,0.958614468574524,1,0.06510296050288211
1811684,3000.0,0,18.85,109.75,2,17836,9,0,88977.0,12,0,23.17,0.0,669.0,1.0,7.0,0.0,3957.0,94.2,25.0,0.0,0.0,0.0,0,25.9,0.9305525422096252,1,0.096088328523958
1811942,18000.0,0,19.52,664.56,3,44090,10,0,275000.0,1,19,22.3,0.0,669.0,1.0,22.0,0.0,55776.0,78.0,54.0,0.0,0.0,0.0,0,19.3,0.9076443314552308,1,0.09947467364809648
1812512,9000.0,0,20.8,338.16,5,7934,3,0,100000.0,2,6,11.73,2.0,679.0,2.0,4.0,2.0,3691.0,43.9,17.0,0.0,0.0,0.0,0,17.2,0.9097254872322084,1,0.03656330171525135
1812919,5600.0,0,18.85,204.85,2,23816,10,4,105000.0,9,44,7.07,0.0,679.0,0.0,9.0,0.0,6024.0,65.5,11.0,0.0,0.0,0.0,0,23.0,0.9192265868186952,1,0.02447206169082361
1813350,1500.0,0,20.31,55.99,4,12013,8,0,53227.0,9,4,19.66,0.0,694.0,1.0,11.0,0.0,3024.0,22.6,40.0,0.0,0.0,0.0,0,27.9,0.9317668080329896,1,0.10311331053414596
1813606,4000.0,0,17.56,143.73,0,8670,1,4,18000.0,1,16,5.73,0.0,689.0,0.0,5.0,0.0,2836.0,36.8,10.0,0.0,0.0,0.0,0,4.4,0.9178291559219359,1,0.08958461853242672
1813712,3500.0,0,20.31,130.63,4,21964,7,4,72000.0,9,40,9.77,0.0,679.0,1.0,8.0,0.0,10635.0,87.9,58.0,0.0,0.0,0.0,0,16.2,0.9122422933578492,0,0.044952777815125966
1814018,3300.0,0,19.52,121.84,3,51050,10,4,65000.0,9,4,2.93,0.0,674.0,1.0,11.0,1.0,4326.0,22.8,44.0,0.0,0.0,0.0,0,17.2,0.9170576930046082,1,0.08318357869862457
1814273,8000.0,0,18.85,292.65,2,8766,2,4,150000.0,5,31,1.08,0.0,744.0,0.0,5.0,0.0,1404.0,42.5,5.0,0.0,0.0,0.0,0,8.8,0.908789038658142,1,0.09542625690446972
1815086,3000.0,0,18.25,108.84,1,62880,10,0,85000.0,6,4,13.4,1.0,704.0,6.0,14.0,0.0,25792.0,69.3,40.0,0.0,0.0,0.0,0,14.7,0.9031144380569458,1,0.09306430075517946
1815247,1500.0,0,18.85,54.88,2,5356,3,4,36000.0,1,4,5.82,0.0,694.0,1.0,4.0,0.0,3429.0,60.2,14.0,0.0,0.0,0.0,0,8.8,0.9069857597351074,1,0.09420459836391926
1815383,1200.0,0,17.56,43.12,0,26349,10,0,58000.0,6,21,2.57,0.0,669.0,2.0,6.0,0.0,5188.0,54.6,9.0,0.0,0.0,0.0,0,13.3,0.9335644841194152,1,0.08896918320403158
1815428,2400.0,0,18.25,87.07,1,18021,9,0,66000.0,12,4,11.31,1.0,689.0,1.0,12.0,0.0,8150.0,59.1,26.0,0.0,0.0,0.0,0,17.6,0.9213089942932128,1,0.08852393983381113
1815562,2000.0,0,17.56,71.87,0,35620,3,0,109000.0,9,6,12.42,0.0,729.0,2.0,8.0,0.0,45559.0,89.5,18.0,0.0,0.0,0.0,0,16.6,0.9023693799972534,1,0.026961279258345797
1815884,1000.0,0,20.31,37.33,4,8354,1,4,30000.0,8,31,1.6,0.0,749.0,1.0,6.0,0.0,604.0,8.5,7.0,0.0,0.0,0.0,0,5.2,0.9270131587982178,1,0.0781386548715135
1816046,5000.0,0,18.25,181.39,1,45501,10,0,66000.0,2,13,3.96,0.0,674.0,3.0,14.0,1.0,3614.0,16.7,53.0,0.0,0.0,0.0,0,16.8,0.9275170564651488,1,0.050790517684357266
1817392,16000.0,0,18.85,585.29,2,10618,10,0,94000.0,1,13,10.91,3.0,694.0,4.0,9.0,1.0,8482.0,82.3,28.0,0.0,0.0,0.0,0,24.8,0.9122059941291808,1,0.0934831621167902
1817463,4000.0,0,20.31,149.29,4,12047,10,4,170000.0,12,4,12.29,0.0,679.0,1.0,12.0,0.0,11196.0,45.5,47.0,0.0,0.0,0.0,0,13.2,0.9254775643348694,1,0.0214179005907702
1817784,1600.0,0,17.56,57.5,0,48523,9,4,50000.0,6,10,17.88,0.0,689.0,1.0,11.0,0.0,7681.0,59.5,24.0,0.0,0.0,0.0,0,11.9,0.911270558834076,1,0.08956924428552626
1817936,1200.0,0,20.31,44.79,4,19145,3,0,49000.0,9,5,12.44,0.0,694.0,1.0,11.0,0.0,7734.0,63.9,33.0,0.0,0.0,0.0,0,19.1,0.932292938232422,1,0.03571470893801987
1818418,8000.0,0,18.85,292.65,2,18012,10,4,110000.0,9,4,6.47,0.0,664.0,0.0,6.0,0.0,8967.0,92.4,32.0,0.0,0.0,0.0,0,17.9,0.9131709933280944,1,0.09636048909941897
1819544,2400.0,0,18.85,87.8,2,11748,1,0,125000.0,2,4,13.99,0.0,674.0,1.0,11.0,0.0,10748.0,80.8,38.0,0.0,0.0,0.0,0,28.5,0.9366310238838196,1,0.0959793531691091
1819654,1500.0,0,20.31,55.99,4,5749,3,4,21000.0,8,4,29.37,1.0,674.0,0.0,7.0,0.0,1694.0,80.7,11.0,0.0,0.0,0.0,0,5.9,0.9193859696388244,1,0.10343765336224743
1819875,19000.0,0,17.56,682.71,0,45898,8,3,85000.0,1,13,10.45,0.0,684.0,1.0,10.0,1.0,18811.0,76.5,13.0,0.0,0.0,0.0,0,18.8,0.9089179039001464,1,0.08958583226997208
1820257,9000.0,0,18.85,329.23,2,2739,6,3,163000.0,9,21,8.03,0.0,684.0,1.0,10.0,0.0,23149.0,83.6,30.0,0.0,0.0,0.0,0,32.4,0.9145583510398864,1,0.09444706889442077
1820382,1000.0,0,21.15,37.76,6,44185,1,4,41500.0,13,35,17.03,0.0,684.0,1.0,14.0,0.0,4017.0,56.6,23.0,0.0,0.0,0.0,0,11.8,0.9094138741493224,1,0.10765156525387276
1820915,5000.0,0,18.25,181.39,1,20079,1,0,120360.0,9,19,23.67,0.0,734.0,0.0,13.0,0.0,9111.0,99.0,35.0,0.0,0.0,0.0,0,15.6,0.9134471416473388,1,0.09306100279872842
1821448,14000.0,0,19.52,516.88,3,44302,5,0,105000.0,1,4,10.95,0.0,669.0,0.0,14.0,0.0,25759.0,85.3,28.0,0.0,0.0,0.0,0,19.8,0.9017820954322816,1,0.09947467364810847
1822182,10000.0,0,19.52,369.2,3,16679,10,4,80000.0,2,44,4.56,1.0,664.0,0.0,8.0,2.0,8481.0,86.5,21.0,1.0,0.0,1.0,0,17.8,0.9076820015907288,0,-0.1344241863933603
1823552,1600.0,0,17.56,57.5,0,49768,10,4,60000.0,2,44,21.9,0.0,694.0,1.0,11.0,0.0,19747.0,66.7,32.0,0.0,0.0,0.0,0,12.7,0.9115432500839232,1,0.08956924428571944
1823642,10000.0,0,18.85,365.81,2,10131,7,3,75000.0,13,40,6.18,0.0,664.0,0.0,12.0,0.0,9469.0,69.6,23.0,0.0,0.0,0.0,0,24.1,0.9276039004325868,0,-0.11569985213174115
1823898,25000.0,0,20.31,933.05,4,55323,10,0,552000.0,9,31,9.32,1.0,744.0,2.0,9.0,0.0,366026.0,77.6,35.0,0.0,0.0,0.0,0,22.3,0.9219363927841188,1,0.08230429358522251
1825466,4000.0,0,18.25,145.12,1,44298,10,4,105600.0,2,21,8.61,0.0,689.0,0.0,9.0,0.0,28092.0,78.9,17.0,0.0,0.0,0.0,0,14.7,0.9057918190956116,1,0.03216348414663539
1827658,1500.0,0,19.52,55.38,3,51418,10,4,55000.0,9,28,4.36,0.0,679.0,0.0,9.0,1.0,4799.0,28.2,26.0,0.0,0.0,0.0,0,13.7,0.9011733531951904,1,0.05057376065797281
1827999,2000.0,0,19.52,73.84,3,40440,7,4,85000.0,9,13,17.27,0.0,714.0,0.0,8.0,0.0,17171.0,85.9,14.0,0.0,0.0,0.0,0,8.2,0.915670931339264,1,0.0994746736300689
1828017,1675.0,0,18.85,61.28,2,8429,6,0,53445.0,4,19,16.08,0.0,669.0,0.0,5.0,1.0,4170.0,73.2,16.0,0.0,0.0,0.0,0,9.9,0.935190975666046,1,0.07496430647269657
1828120,3500.0,0,17.56,125.77,0,33551,4,0,125000.0,4,35,17.76,1.0,704.0,0.0,8.0,0.0,19146.0,98.2,28.0,0.0,0.0,0.0,0,15.7,0.926447093486786,1,0.08957912770573717
1828311,2400.0,0,18.85,87.8,2,50421,0,4,42000.0,12,21,12.86,0.0,714.0,2.0,5.0,1.0,3919.0,33.2,11.0,0.0,0.0,0.0,0,11.8,0.9074687957763672,0,-0.16349651953639288
1828527,21000.0,1,17.56,528.25,0,18044,10,0,136000.0,2,19,18.38,0.0,719.0,1.0,10.0,0.0,252175.0,75.4,29.0,0.0,0.0,0.0,0,19.6,0.9327479600906372,1,0.046731189121190335
1828896,2075.0,0,18.25,75.28,1,40111,1,4,15000.0,1,31,5.84,0.0,699.0,0.0,11.0,0.0,2074.0,53.2,20.0,0.0,0.0,0.0,0,3.8,0.9158195853233336,1,0.005062423133847194
1828957,35000.0,1,18.25,893.54,1,50421,10,0,285000.0,2,4,11.09,0.0,729.0,0.0,15.0,0.0,313615.0,74.9,35.0,0.0,0.0,0.0,0,27.7,0.9257056713104248,1,0.03894691772416592
1828982,13375.0,0,19.52,493.8,3,20006,1,0,74000.0,9,25,2.58,0.0,709.0,0.0,4.0,0.0,7290.0,67.5,4.0,0.0,0.0,0.0,0,5.3,0.9211302399635316,1,0.0994759541966086
1829111,16000.0,0,18.85,585.29,2,40806,10,0,102000.0,1,44,8.88,0.0,674.0,0.0,4.0,0.0,45275.0,90.6,28.0,0.0,0.0,0.0,0,15.3,0.9010757803916932,1,0.03732057649062548
1829724,35000.0,1,17.56,880.42,0,63417,10,0,400000.0,4,31,3.38,1.0,709.0,0.0,7.0,0.0,26455.0,68.7,15.0,0.0,0.0,0.0,0,20.9,0.9401688575744628,1,0.08580948737356886
1830032,7000.0,0,17.56,251.53,0,23660,3,0,105000.0,2,13,8.29,0.0,679.0,2.0,10.0,0.0,24790.0,87.0,29.0,0.0,0.0,0.0,0,15.2,0.903413951396942,1,0.07963922572161608
1830464,2500.0,0,17.56,89.84,0,2264,6,4,198000.0,12,32,10.83,0.0,669.0,1.0,5.0,1.0,2617.0,24.3,29.0,0.0,0.0,0.0,0,11.2,0.940329909324646,1,0.08957385660591366
1831035,1200.0,0,18.25,43.54,1,30996,6,0,73124.0,9,24,25.65,0.0,709.0,1.0,9.0,0.0,33040.0,93.6,29.0,0.0,0.0,0.0,0,28.0,0.908519446849823,1,0.07309379148342843
1831436,1800.0,0,20.31,67.18,4,12204,2,4,17500.0,9,1,18.93,0.0,689.0,1.0,6.0,0.0,4285.0,82.4,8.0,0.0,0.0,0.0,0,5.2,0.9058180451393129,1,0.1034535043019056
1831470,4500.0,0,17.56,161.7,0,51994,1,4,70000.0,9,28,1.29,0.0,684.0,0.0,3.0,1.0,1027.0,19.0,14.0,0.0,0.0,0.0,0,27.2,0.92226380109787,1,0.04660543940672879
1831476,1000.0,0,18.25,36.28,1,45876,10,0,38000.0,4,5,6.0,0.0,674.0,1.0,5.0,1.0,5941.0,84.9,9.0,0.0,0.0,0.0,0,15.8,0.9702582955360411,1,0.09306430085444384
1832223,4000.0,0,18.75,146.12,2,30751,5,4,45500.0,13,31,10.2,0.0,664.0,2.0,6.0,1.0,1592.0,3.8,20.0,0.0,0.0,0.0,0,12.8,0.925255000591278,1,0.09678941588315304
1833206,3600.0,0,20.49,134.69,5,3197,10,4,80000.0,13,30,18.33,1.0,664.0,1.0,18.0,1.0,5473.0,31.8,62.0,0.0,0.0,0.0,0,20.2,0.9070135354995728,1,0.06418646079046962
1833261,9000.0,0,18.49,327.59,1,27837,8,0,315104.0,4,31,12.96,1.0,689.0,1.0,15.0,0.0,10139.0,57.0,25.0,0.0,0.0,0.0,0,21.4,0.9094185829162598,1,0.08061001723180095
1833493,35000.0,0,18.75,1278.55,2,35511,5,0,130000.0,2,4,29.87,0.0,689.0,2.0,8.0,0.0,35872.0,93.4,21.0,0.0,0.0,0.0,0,13.8,0.901013433933258,1,0.09785974983736744
1833693,35000.0,0,17.77,1261.3,0,48396,10,0,178000.0,7,25,12.79,0.0,714.0,0.0,10.0,0.0,35254.0,64.3,16.0,0.0,0.0,0.0,0,26.8,0.9107620716094972,1,0.078318960303426
1833807,1000.0,0,19.05,36.69,3,45529,10,4,27000.0,12,4,22.09,0.0,699.0,0.0,4.0,0.0,16877.0,60.7,6.0,0.0,0.0,0.0,0,13.3,0.9236196279525756,1,0.0970782207544243
1834266,1000.0,0,17.77,36.04,0,54880,10,0,30000.0,9,16,21.96,0.0,714.0,0.0,6.0,0.0,11562.0,89.6,11.0,0.0,0.0,0.0,0,12.8,0.9395006895065308,1,0.09063800666355636
1834335,1775.0,0,18.49,64.61,1,24228,5,4,31999.0,1,10,6.6,0.0,699.0,1.0,5.0,0.0,6993.0,58.3,6.0,0.0,0.0,0.0,0,10.7,0.9166040420532228,1,0.09427800886750147
1834416,5000.0,0,17.77,180.19,0,19190,10,0,68000.0,9,3,17.03,0.0,699.0,0.0,9.0,0.0,11116.0,45.4,28.0,0.0,0.0,0.0,0,18.9,0.9074247479438782,1,0.08807335776283877
1834671,10800.0,0,18.49,393.11,1,18311,3,0,101000.0,13,25,20.17,0.0,674.0,1.0,10.0,0.0,7882.0,65.1,36.0,0.0,0.0,0.0,0,31.4,0.9524703025817872,1,0.09428100919571314
1834907,14400.0,0,17.77,518.94,0,12155,3,4,103000.0,2,10,12.99,1.0,679.0,1.0,7.0,0.0,13281.0,62.4,40.0,0.0,0.0,0.0,0,24.8,0.913402259349823,1,0.042612971178247694
1836090,15000.0,0,17.77,540.56,0,4449,10,0,85000.0,4,4,12.44,4.0,679.0,0.0,8.0,0.0,16055.0,91.7,21.0,0.0,0.0,0.0,0,34.4,0.9201224446296692,1,0.05270827659118305
1836400,5500.0,0,18.75,200.92,2,48614,4,4,84000.0,2,34,0.64,2.0,694.0,0.0,4.0,1.0,1010.0,30.6,11.0,0.0,0.0,0.0,0,13.8,0.9038485288619996,1,0.08425040733183398
1836422,20000.0,0,19.05,733.63,3,52703,4,0,103000.0,2,4,6.86,0.0,679.0,0.0,4.0,0.0,19358.0,93.1,6.0,0.0,0.0,0.0,0,18.0,0.9268313646316528,1,0.09710661585054203
1836718,3000.0,0,17.77,108.12,0,32091,10,0,60000.0,4,45,7.0,2.0,689.0,1.0,4.0,0.0,344.0,15.6,33.0,0.0,0.0,0.0,0,11.3,0.9108862280845642,1,0.09063800651386587
1836942,1100.0,0,19.72,40.73,4,50020,3,4,92000.0,1,7,4.8,0.0,679.0,1.0,4.0,0.0,15772.0,93.3,20.0,0.0,0.0,0.0,0,11.1,0.9509680271148682,1,0.051082508961383784
1838563,1000.0,0,17.77,36.04,0,33519,10,0,60000.0,9,14,22.26,0.0,719.0,2.0,10.0,0.0,10158.0,45.3,49.0,0.0,0.0,0.0,0,21.7,0.942763090133667,1,0.08175697098422874
1838688,1600.0,0,20.49,59.87,5,53019,5,4,39000.0,9,10,14.55,0.0,679.0,0.0,12.0,0.0,12148.0,95.7,13.0,0.0,0.0,0.0,0,8.9,0.9154539108276368,1,0.1029483576003032
1839107,2000.0,0,19.72,74.05,4,40228,3,0,20000.0,9,9,19.92,0.0,699.0,0.0,4.0,0.0,6297.0,68.4,4.0,0.0,0.0,0.0,0,6.2,0.9061878323554992,1,0.09772671015256296
1839421,4500.0,0,17.77,162.17,0,48303,3,0,160000.0,9,40,15.11,1.0,689.0,0.0,6.0,0.0,8994.0,61.6,10.0,0.0,0.0,0.0,0,8.1,0.902842938899994,0,-0.07162292787558733
1839798,7550.0,0,18.49,274.82,1,45757,4,4,55921.0,13,31,2.64,0.0,674.0,0.0,5.0,0.0,3767.0,46.5,7.0,0.0,0.0,0.0,0,14.7,0.9287250638008118,0,-0.11001705338353183
1841857,4200.0,0,17.77,151.36,0,33216,10,0,83000.0,9,4,3.53,0.0,699.0,0.0,4.0,1.0,1999.0,60.6,12.0,0.0,0.0,0.0,0,11.0,0.937515676021576,1,0.09064393467081723
1841979,4900.0,0,18.75,179.0,2,22663,10,0,61000.0,9,40,4.72,0.0,674.0,0.0,4.0,0.0,7755.0,69.9,21.0,0.0,0.0,0.0,0,11.4,0.9154848456382751,1,0.0955913083304376
1842368,15000.0,0,18.49,545.99,1,30383,4,0,200000.0,9,6,13.55,2.0,704.0,1.0,11.0,0.0,44747.0,88.6,30.0,0.0,0.0,0.0,0,31.4,0.9035100936889648,1,0.032558957729036615
1842603,5000.0,0,18.49,182.0,1,8687,9,0,120000.0,1,6,32.79,2.0,664.0,0.0,15.0,0.0,40259.0,79.7,37.0,0.0,0.0,0.0,0,19.8,0.9339926242828368,1,0.08953828325206857
1844825,5000.0,0,20.49,187.07,5,20050,1,4,125000.0,9,3,2.17,0.0,679.0,1.0,6.0,1.0,305.0,23.5,27.0,0.0,0.0,0.0,0,15.5,0.9378902912139891,1,0.08820116846825288
1845225,32000.0,1,21.98,883.45,8,2565,1,4,360000.0,8,6,4.34,0.0,769.0,0.0,3.0,0.0,24284.0,83.5,17.0,0.0,0.0,0.0,0,23.0,0.9063042402267456,0,0.09177362088595896
1845230,4200.0,0,19.05,154.07,3,12724,8,0,120000.0,9,40,16.72,1.0,684.0,0.0,11.0,0.0,19347.0,79.9,29.0,0.0,0.0,0.0,0,24.4,0.9031565189361572,0,-0.04915609438325818
1846088,2500.0,0,18.75,91.33,2,2544,5,4,77000.0,13,4,13.08,0.0,684.0,0.0,15.0,0.0,1553.0,62.1,35.0,0.0,0.0,0.0,0,8.8,0.9191257357597352,1,0.08992003453431408
1848284,1200.0,0,21.98,45.82,8,49872,8,4,73000.0,13,40,33.57,0.0,689.0,2.0,11.0,0.0,40237.0,93.1,32.0,0.0,0.0,0.0,0,13.8,0.9140674471855164,1,0.11183841434382023
1849664,2400.0,0,19.72,88.86,4,2502,5,0,30000.0,9,5,16.88,0.0,684.0,0.0,6.0,0.0,5183.0,73.0,7.0,0.0,0.0,0.0,0,5.8,0.9004603028297424,1,0.1004706229143808
1849835,1800.0,0,6.0,62.37,7,27507,1,0,101000.0,12,13,29.9,0.0,674.0,3.0,15.0,0.0,25789.0,79.1,39.0,0.0,0.0,0.0,0,10.3,0.9727041125297546,1,0.1083047593870088
1850594,7200.0,0,18.49,262.08,1,45576,10,4,43824.0,13,44,25.25,0.0,689.0,0.0,6.0,1.0,4650.0,75.0,14.0,0.0,0.0,0.0,0,10.9,0.9231764674186708,1,0.058030720653948535
1851634,10000.0,0,6.0,315.38,0,50042,5,4,51816.0,2,42,29.35,0.0,679.0,0.0,11.0,0.0,7044.0,75.7,16.0,0.0,0.0,0.0,0,5.7,0.9737727046012878,1,0.023744652773800782
1851665,4375.0,0,18.49,159.25,1,11158,3,4,55000.0,0,31,2.64,0.0,684.0,1.0,8.0,1.0,1418.0,22.5,17.0,0.0,0.0,0.0,0,9.3,0.9406543970108032,1,0.06406877842517411
1851714,1000.0,0,18.75,36.53,2,5683,10,4,50000.0,9,25,24.19,0.0,674.0,0.0,5.0,0.0,29446.0,85.4,18.0,0.0,0.0,0.0,0,17.1,0.9239171743392944,1,0.0955933207629629
1852762,7500.0,0,18.75,273.98,2,5139,1,4,50000.0,6,28,2.69,0.0,679.0,0.0,4.0,0.0,3741.0,83.1,4.0,0.0,0.0,0.0,0,5.7,0.9011932611465454,1,0.08097952587329837
1853156,25000.0,0,17.77,900.93,0,21066,7,4,150000.0,1,31,18.01,0.0,709.0,0.0,16.0,0.0,49426.0,93.3,34.0,0.0,0.0,0.0,0,17.4,0.9006956219673157,0,-0.0028997336612123226
1853742,5000.0,0,18.49,182.0,1,47685,10,4,80000.0,7,4,10.71,9.0,684.0,0.0,8.0,0.0,1176.0,34.6,28.0,0.0,0.0,0.0,0,13.5,0.9260745048522948,1,0.0942780088639852
1854285,1125.0,0,19.72,41.65,4,6043,2,3,50000.0,6,10,11.64,0.0,669.0,2.0,7.0,0.0,5223.0,58.0,13.0,0.0,0.0,0.0,0,11.1,0.9064908027648926,1,0.10024114693531727
1854708,6000.0,0,18.49,218.4,1,31201,4,0,42000.0,13,32,25.74,0.0,694.0,1.0,13.0,0.0,12183.0,41.2,30.0,0.0,0.0,0.0,0,8.6,0.9305163025856018,1,0.0939822907986052
1854793,9000.0,0,19.72,333.19,4,2794,1,0,80000.0,2,4,1.21,0.0,664.0,4.0,9.0,1.0,1726.0,22.7,38.0,0.0,0.0,0.0,0,20.3,0.9185879826545716,1,0.07410783592903436
1855596,4000.0,0,18.75,146.12,2,49006,2,0,76840.0,6,40,1.14,0.0,684.0,2.0,4.0,0.0,4957.0,62.7,7.0,0.0,0.0,0.0,0,11.9,0.9085947871208192,1,0.09005638964229347
1855604,3500.0,0,18.75,127.86,2,51539,10,0,64380.0,9,47,10.66,0.0,709.0,0.0,5.0,0.0,20820.0,93.8,17.0,0.0,0.0,0.0,0,12.8,0.9221974611282348,1,0.0814268487051677
1857229,6000.0,0,19.05,220.09,3,31625,7,4,62837.23,13,28,10.6,0.0,674.0,0.0,6.0,0.0,3408.0,32.2,7.0,0.0,0.0,0.0,0,7.3,0.9165139198303224,1,0.0971060591425248
1857550,6000.0,0,18.75,219.18,2,22233,7,0,235000.0,9,10,9.47,0.0,704.0,1.0,10.0,0.0,9109.0,94.9,46.0,0.0,0.0,0.0,0,27.1,0.9249712824821472,0,-0.18169794135272987
1857957,1400.0,0,21.49,53.1,7,27744,6,4,66000.0,13,17,16.11,0.0,664.0,1.0,11.0,1.0,9387.0,56.5,17.0,0.0,0.0,0.0,0,10.0,0.9078360199928284,1,0.09931677367941603
1858419,5000.0,0,19.72,185.11,4,25982,2,0,88000.0,9,9,12.71,1.0,664.0,2.0,6.0,0.0,14018.0,99.4,28.0,0.0,0.0,0.0,0,15.4,0.913082718849182,1,0.05480788337810627
1858474,1000.0,0,18.75,36.53,2,50265,2,4,54000.0,8,5,5.69,0.0,734.0,1.0,5.0,0.0,1105.0,24.0,17.0,0.0,0.0,0.0,0,8.7,0.9517134428024292,1,0.044959762150571965
1858628,10000.0,0,17.77,360.38,0,44371,4,0,140000.0,2,18,17.71,0.0,679.0,2.0,8.0,1.0,105250.0,100.1,18.0,0.0,0.0,0.0,0,22.0,0.9230169653892516,1,0.08897555459644946
1859109,20000.0,0,17.77,720.75,0,48804,1,0,302000.0,13,19,10.42,0.0,714.0,1.0,16.0,0.0,59398.0,60.9,43.0,0.0,0.0,0.0,0,26.9,0.9353840947151184,1,0.04191846449955538
1859975,1200.0,0,21.0,45.22,6,45779,5,4,49795.2,9,4,21.26,1.0,679.0,0.0,9.0,0.0,2607.0,19.9,26.0,0.0,0.0,0.0,0,12.4,0.9350903034210204,1,0.06254315362019036
1860710,4000.0,0,18.75,146.12,2,6372,10,0,70000.0,1,32,5.76,0.0,689.0,1.0,6.0,0.0,15565.0,61.8,13.0,0.0,0.0,0.0,0,13.6,0.9080508947372437,1,0.09559332076400427
1860839,3000.0,0,19.72,111.07,4,45828,1,4,77500.0,9,4,8.01,0.0,674.0,1.0,7.0,0.0,3526.0,25.6,26.0,0.0,0.0,0.0,0,10.8,0.9120712876319884,1,0.07398800498911863
1861859,10000.0,0,17.77,360.38,0,13445,7,4,72000.0,1,13,15.4,2.0,679.0,2.0,10.0,0.0,20978.0,65.6,31.0,0.0,0.0,0.0,0,28.9,0.900727152824402,0,-0.04341709655703119
1862131,5000.0,0,18.75,182.65,2,22684,1,3,57000.0,4,25,6.65,2.0,679.0,1.0,11.0,0.0,4646.0,35.5,26.0,0.0,0.0,0.0,0,19.0,0.9011970758438109,1,0.09559332076369054
1862774,6400.0,0,17.77,230.64,0,20518,10,0,170000.0,12,4,15.57,0.0,699.0,2.0,7.0,0.0,30877.0,83.9,41.0,0.0,0.0,0.0,0,26.4,0.9260761737823486,1,0.014287600600113581
1863353,4000.0,0,21.98,152.73,8,33978,5,4,50000.0,13,9,13.66,0.0,704.0,0.0,5.0,0.0,8452.0,72.2,5.0,0.0,0.0,0.0,0,4.3,0.9475015997886658,1,0.11184163745462294
1864242,35000.0,1,19.72,921.85,4,63075,10,0,120000.0,2,18,14.77,1.0,699.0,0.0,9.0,0.0,102300.0,78.1,20.0,0.0,0.0,0.0,0,32.9,0.901345193386078,1,0.09584049499795988
1864860,3000.0,0,17.77,108.12,0,29669,10,0,95000.0,12,9,10.02,0.0,714.0,4.0,8.0,1.0,5823.0,29.6,19.0,0.0,0.0,0.0,0,16.1,0.9003540873527527,1,0.06690130560216745
1866232,4000.0,0,19.72,148.09,4,5841,1,3,14000.0,1,4,14.66,0.0,684.0,0.0,7.0,0.0,7768.0,56.3,8.0,0.0,0.0,0.0,0,4.8,0.9118624329566956,1,0.10047927414277846
1866974,3000.0,0,17.77,108.12,0,33209,10,0,56000.0,9,4,14.94,0.0,699.0,0.0,6.0,0.0,26106.0,92.6,20.0,0.0,0.0,0.0,0,29.6,0.9152873754501344,1,0.09063800660522148
1867132,6000.0,0,18.75,219.18,2,62676,1,4,40000.0,13,42,11.52,0.0,694.0,2.0,11.0,0.0,8237.0,37.3,47.0,0.0,0.0,0.0,0,12.4,0.9206603765487672,1,0.041098082041632455
1868262,8000.0,0,18.49,291.19,1,63007,10,0,70000.0,4,9,8.62,0.0,664.0,2.0,3.0,1.0,1347.0,79.2,28.0,0.0,0.0,0.0,0,16.9,0.9151833653450012,0,-0.4537234982931376
1869928,3000.0,0,18.49,109.2,1,25381,10,0,56000.0,9,16,34.33,0.0,689.0,0.0,11.0,0.0,48187.0,90.2,26.0,0.0,0.0,0.0,0,24.3,0.9017254710197448,0,-0.23459986473149064
1870938,2000.0,0,17.77,72.08,0,46081,1,4,29120.0,9,46,16.4,0.0,754.0,0.0,6.0,0.0,19543.0,74.3,13.0,0.0,0.0,0.0,0,23.8,0.9021857380867004,1,0.027280119061958485
1871019,6850.0,0,19.72,253.6,4,41057,4,4,46000.0,4,31,1.88,0.0,674.0,2.0,2.0,0.0,2089.0,74.6,4.0,0.0,0.0,0.0,0,3.2,0.9347896575927734,1,0.08595130019639162
1873734,1000.0,0,19.72,37.03,4,37631,1,0,73000.0,9,13,13.32,1.0,679.0,1.0,8.0,0.0,1210.0,80.7,19.0,0.0,0.0,0.0,0,8.3,0.9130825400352478,1,0.005545959918610288
1876716,20000.0,0,18.49,727.98,1,41279,9,0,1000000.0,2,35,4.75,0.0,674.0,2.0,6.0,0.0,29243.0,96.5,25.0,0.0,0.0,0.0,0,23.9,0.9484737515449524,1,0.047949176775333724
1876916,35000.0,0,19.72,1295.74,4,27246,10,0,140000.0,1,6,19.6,2.0,669.0,3.0,14.0,0.0,26738.0,88.0,43.0,0.0,0.0,0.0,0,24.0,0.922643542289734,1,0.10048397027458122
1878149,2550.0,0,18.75,93.16,2,14129,10,0,115000.0,9,4,25.59,0.0,684.0,0.0,18.0,0.0,55193.0,83.5,59.0,0.0,0.0,0.0,0,22.6,0.9218329787254332,1,0.09558236440169332
1879117,2000.0,0,19.72,74.05,4,4432,10,3,45000.0,9,43,3.72,0.0,664.0,0.0,3.0,0.0,3986.0,43.3,28.0,0.0,0.0,0.0,0,16.2,0.9120304584503174,1,0.10047062279569463
1879737,6400.0,0,18.75,233.8,2,53138,8,4,76500.0,9,13,2.82,0.0,674.0,0.0,3.0,0.0,2048.0,73.1,13.0,0.0,0.0,0.0,0,17.3,0.917064607143402,1,0.09558925909442052
1880095,9150.0,0,17.77,329.74,0,15752,3,0,63000.0,13,17,13.76,0.0,694.0,0.0,5.0,0.0,7044.0,72.6,9.0,0.0,0.0,0.0,0,11.7,0.9017093777656556,1,0.0906225380912038
1881245,2200.0,0,19.05,80.7,3,56108,6,0,70000.0,9,46,11.31,0.0,689.0,0.0,8.0,0.0,3088.0,68.6,25.0,0.0,0.0,0.0,0,11.2,0.9122310876846312,1,0.0200935451819928
1882297,3000.0,0,19.05,110.05,3,45511,10,0,85395.0,9,4,28.74,4.0,664.0,0.0,7.0,0.0,7416.0,74.2,30.0,0.0,0.0,0.0,0,28.9,0.9132352471351624,1,0.09710049150689047
1882758,1000.0,0,21.49,37.93,7,8382,5,4,38400.0,12,4,8.73,0.0,684.0,1.0,9.0,0.0,6338.0,90.5,10.0,0.0,0.0,0.0,0,6.3,0.9121015667915344,1,0.10937879845296128
1882980,5000.0,0,19.05,183.41,3,1623,1,4,180000.0,8,4,7.74,0.0,669.0,1.0,13.0,0.0,21926.0,87.5,39.0,0.0,0.0,0.0,0,16.4,0.9235652089118958,1,0.015324578471547225
1883194,9850.0,0,17.77,354.97,0,36448,4,0,43000.0,13,13,19.65,0.0,714.0,0.0,16.0,0.0,6346.0,31.6,19.0,0.0,0.0,0.0,0,7.3,0.9099841713905334,0,-0.26540263126289965
1884091,4250.0,0,19.05,155.9,3,55066,6,0,15800.0,1,15,18.0,1.0,684.0,0.0,9.0,0.0,8611.0,43.7,25.0,0.0,0.0,0.0,0,24.1,0.9230586290359496,1,0.097103766493277
1884986,1200.0,0,18.75,43.84,2,22982,1,4,40000.0,1,4,7.5,0.0,664.0,2.0,4.0,1.0,7601.0,80.9,8.0,0.0,0.0,0.0,0,16.5,0.937032163143158,0,-0.01699842018992026
1885008,5000.0,0,18.75,182.65,2,49881,4,3,45760.0,9,4,7.87,0.0,679.0,1.0,3.0,0.0,3507.0,25.4,8.0,0.0,0.0,0.0,0,11.9,0.902729332447052,1,0.036879960667844484
1886125,3000.0,0,18.49,109.2,1,24078,10,0,200000.0,9,3,15.14,0.0,689.0,2.0,10.0,0.0,15270.0,91.4,31.0,0.0,0.0,0.0,0,18.7,0.9381641745567322,1,0.03258019754716157
1886143,1200.0,0,19.72,44.43,4,20771,10,4,64000.0,12,21,1.45,0.0,679.0,2.0,5.0,0.0,156.0,2.9,34.0,0.0,0.0,0.0,0,12.9,0.9264904856681824,1,0.033443222298886965
1886584,5000.0,0,17.77,180.19,0,4815,5,0,260000.0,9,21,22.0,0.0,699.0,2.0,16.0,0.0,44597.0,78.7,38.0,0.0,0.0,0.0,0,19.9,0.9235383868217468,1,0.03899468072693524
1887013,1200.0,0,19.05,44.02,3,19140,2,4,60000.0,9,10,10.84,0.0,684.0,0.0,12.0,0.0,2482.0,70.9,37.0,0.0,0.0,0.0,0,15.0,0.9247782230377196,1,0.01530888649818141
1888064,35000.0,0,17.77,1261.3,0,63358,2,4,210000.0,1,31,15.74,0.0,684.0,1.0,7.0,0.0,99066.0,83.2,17.0,0.0,0.0,0.0,0,14.2,0.9352757334709167,1,0.09049952828106612
1888442,7000.0,0,17.77,252.26,0,11345,10,4,72000.0,1,33,8.02,0.0,694.0,0.0,5.0,1.0,6623.0,71.2,12.0,0.0,0.0,0.0,0,32.4,0.9188153743743896,1,0.07166779089846642
1888702,1000.0,0,18.75,36.53,2,50030,10,4,68016.0,9,5,26.91,0.0,684.0,0.0,12.0,0.0,30323.0,53.7,34.0,0.0,0.0,0.0,0,10.9,0.9162786602973938,0,-0.3652794335060712
1889406,8000.0,0,21.98,305.45,8,16347,10,0,132000.0,8,11,20.83,0.0,694.0,3.0,8.0,0.0,24868.0,94.9,38.0,0.0,0.0,0.0,0,17.1,0.9028095006942748,1,0.1118464720879595
1890696,5000.0,0,17.77,180.19,0,876,10,3,128000.0,4,19,14.03,0.0,664.0,3.0,9.0,0.0,27116.0,90.7,27.0,0.0,0.0,0.0,0,22.3,0.9195994138717652,1,0.08888025738606875
1891397,2400.0,0,19.72,88.86,4,25547,4,4,50000.0,2,4,9.74,0.0,664.0,0.0,6.0,0.0,2942.0,89.2,6.0,0.0,0.0,0.0,0,3.1,0.9266300797462464,1,0.1004706228226664
1891472,9450.0,0,18.49,343.97,1,11938,1,0,85000.0,4,44,8.37,2.0,664.0,1.0,7.0,0.0,12757.0,63.8,19.0,0.0,0.0,0.0,0,19.0,0.9102799296379088,1,0.09428143771807007
1893542,35000.0,0,18.49,1273.96,1,52802,10,0,178631.0,2,31,2.89,0.0,714.0,2.0,5.0,0.0,23417.0,84.2,14.0,0.0,0.0,0.0,0,27.9,0.9263649582862854,1,0.09391197940585716
1894466,20000.0,0,18.75,730.6,2,45844,9,0,140000.0,1,0,8.49,0.0,674.0,0.0,9.0,0.0,14601.0,79.4,20.0,0.0,0.0,0.0,0,16.8,0.9259076714515686,1,0.0912272518483992
1894657,1400.0,0,17.77,50.46,0,22365,2,4,21477.0,9,13,24.98,1.0,664.0,2.0,5.0,0.0,4786.0,44.7,7.0,0.0,0.0,0.0,0,10.3,0.9273557662963868,1,0.004915005815864459
1895466,3800.0,0,17.77,136.95,0,37854,2,4,95000.0,2,36,6.73,0.0,674.0,0.0,4.0,0.0,6472.0,92.5,18.0,0.0,0.0,0.0,0,17.4,0.9227941036224364,1,0.09063964471791207
1897169,35000.0,0,18.49,1273.96,1,25218,8,0,120000.0,9,5,19.17,1.0,704.0,0.0,18.0,0.0,19575.0,37.1,36.0,0.0,0.0,0.0,0,20.0,0.9022979140281676,1,0.019507918845890426
1897252,4000.0,0,17.77,144.15,0,44487,5,0,62000.0,2,4,7.61,0.0,664.0,2.0,5.0,1.0,3767.0,45.4,22.0,0.0,0.0,0.0,0,15.2,0.9026921391487122,1,0.04611338512695862
1897463,1400.0,0,19.05,51.36,3,25725,8,0,81000.0,2,9,9.51,1.0,664.0,0.0,6.0,0.0,5153.0,95.4,23.0,0.0,0.0,0.0,0,19.8,0.9324101805686952,1,0.09709253780286596
1898123,15000.0,0,17.77,540.56,0,31823,9,4,96000.0,1,31,12.98,0.0,679.0,0.0,8.0,0.0,37513.0,86.4,16.0,0.0,0.0,0.0,0,18.7,0.9136953949928284,1,0.09064630589052536
1899341,4000.0,0,18.75,146.12,2,22873,3,4,100000.0,2,4,11.63,0.0,674.0,0.0,5.0,0.0,28262.0,97.1,5.0,0.0,0.0,0.0,0,4.7,0.9128437042236328,1,0.09559332076396276
1901735,6000.0,0,18.49,218.4,1,5108,9,0,110000.0,4,25,15.17,0.0,664.0,2.0,13.0,0.0,12367.0,90.3,40.0,0.0,0.0,0.0,0,18.5,0.9039539098739624,1,0.09427800912770624
1902666,35000.0,0,18.49,1273.96,1,17373,10,0,300000.0,9,28,10.52,2.0,704.0,1.0,13.0,0.0,34160.0,29.9,28.0,0.0,0.0,0.0,0,22.4,0.93581360578537,1,0.04431236314818277
1902897,9000.0,0,17.77,324.34,0,24750,1,4,135000.0,1,5,6.41,0.0,674.0,0.0,4.0,0.0,14206.0,78.9,23.0,0.0,0.0,0.0,0,17.9,0.9515775442123412,1,0.03130887197780008
1902907,35000.0,0,18.49,1273.96,1,30225,10,4,220000.0,1,31,21.31,0.0,704.0,0.0,10.0,0.0,27706.0,84.2,32.0,0.0,0.0,0.0,0,20.8,0.9001572132110596,1,0.02835748972685659
1904017,1350.0,0,17.77,48.66,0,32536,10,4,41000.0,9,4,4.86,1.0,669.0,1.0,4.0,0.0,1315.0,28.6,11.0,0.0,0.0,0.0,0,13.8,0.9680323004722596,0,0.03864303628935994
1905008,6250.0,0,18.75,228.32,2,56077,10,0,72000.0,2,10,8.78,4.0,679.0,0.0,3.0,0.0,29111.0,88.5,20.0,0.0,0.0,0.0,0,11.9,0.9222299456596376,1,0.0955893764732263
1906209,7500.0,0,20.49,280.61,5,11101,2,4,60500.0,13,31,2.82,0.0,664.0,0.0,3.0,0.0,6370.0,61.2,9.0,0.0,0.0,0.0,0,12.1,0.9513323307037354,1,0.10507541432246904
1908622,15200.0,0,17.77,547.77,0,44401,5,0,120000.0,1,11,17.66,1.0,674.0,0.0,18.0,0.0,13903.0,63.6,54.0,0.0,0.0,0.0,0,13.9,0.9142709374427797,1,0.07963464118527486
1909052,18000.0,0,18.49,655.18,1,9625,10,0,840000.0,2,28,17.76,0.0,689.0,0.0,24.0,0.0,98246.0,66.9,40.0,0.0,0.0,0.0,0,32.9,0.9584184288978576,1,0.032576519139124516
1909061,8000.0,0,17.77,288.3,0,5355,5,4,110000.0,1,4,14.3,0.0,684.0,1.0,6.0,0.0,25777.0,95.2,16.0,0.0,0.0,0.0,0,14.8,0.9077611565589904,1,0.01429980934239583
1909087,8000.0,0,17.77,288.3,0,6212,3,4,76000.0,2,4,11.31,1.0,674.0,1.0,4.0,1.0,6019.0,65.4,11.0,0.0,0.0,0.0,0,12.3,0.9070668816566468,1,0.09064578713771533
1909232,4000.0,0,17.77,144.15,0,55262,10,0,39500.0,7,47,11.85,1.0,664.0,0.0,5.0,0.0,2680.0,22.3,17.0,0.0,0.0,0.0,0,13.1,0.9055845141410828,0,-0.4108789300756569
1909753,14000.0,0,20.49,523.8,5,24940,3,4,80064.0,13,28,14.22,0.0,669.0,2.0,23.0,0.0,7357.0,50.0,27.0,0.0,0.0,0.0,0,7.1,0.901964783668518,1,0.07587374092115827
1909766,20000.0,0,17.77,720.75,0,2619,10,0,200000.0,1,40,23.3,0.0,699.0,3.0,10.0,0.0,93845.0,97.2,42.0,0.0,0.0,0.0,0,26.6,0.9161536693572998,1,0.04613469622977484
1909942,14000.0,0,18.75,511.42,2,11952,10,0,250000.0,9,13,2.27,1.0,669.0,1.0,8.0,0.0,21557.0,66.9,19.0,0.0,0.0,0.0,0,10.7,0.9204713702201844,1,0.08571857300213437
1910608,11000.0,0,17.77,396.41,0,111,10,0,192000.0,7,4,12.83,1.0,669.0,2.0,8.0,0.0,46840.0,87.2,25.0,0.0,0.0,0.0,0,21.8,0.950494349002838,1,0.0828309230840607
1911429,13000.0,0,19.05,476.86,3,8894,10,0,125000.0,1,34,5.58,0.0,664.0,0.0,9.0,1.0,17408.0,63.1,26.0,0.0,0.0,0.0,0,15.8,0.9047389030456544,1,0.08128943608536687
1912521,3600.0,0,18.49,131.04,1,15978,5,4,80000.0,8,31,6.52,0.0,674.0,0.0,5.0,0.0,9781.0,96.8,6.0,0.0,0.0,0.0,0,8.0,0.9072448611259459,1,0.0938043177969643
1913424,2400.0,0,18.75,87.68,2,44489,5,0,68000.0,2,4,8.93,0.0,669.0,1.0,6.0,0.0,4091.0,95.1,22.0,0.0,0.0,0.0,0,12.1,0.91250479221344,1,0.09558236447012324
1913433,10000.0,0,18.49,363.99,1,4830,10,0,115000.0,4,40,13.65,1.0,664.0,1.0,7.0,0.0,7848.0,80.1,28.0,0.0,0.0,0.0,0,18.4,0.90160471200943,1,0.08613849484248348
1915357,30000.0,0,18.49,1091.97,1,20865,7,0,450000.0,2,7,6.75,0.0,709.0,2.0,13.0,0.0,62267.0,57.8,27.0,0.0,0.0,0.0,0,16.7,0.9138314127922058,1,0.047988578409656535
1916736,12000.0,0,17.77,432.45,0,52535,9,0,87000.0,2,4,2.76,1.0,669.0,0.0,7.0,0.0,6554.0,71.7,29.0,0.0,0.0,0.0,0,12.4,0.9194961190223694,1,0.05878609099549359
1916857,13200.0,0,18.49,480.47,1,6103,1,0,100000.0,1,15,9.2,1.0,674.0,1.0,11.0,0.0,10036.0,67.4,36.0,0.0,0.0,0.0,0,15.1,0.9102539420127868,1,0.06407795305700502
1920074,1000.0,0,18.25,36.28,2,10546,1,4,13421.0,9,10,7.15,0.0,669.0,1.0,3.0,0.0,3646.0,82.9,6.0,0.0,0.0,0.0,0,9.7,0.9565166234970092,0,-0.29157792730372145
1920612,18000.0,0,17.27,644.18,0,660,6,0,125000.0,2,31,8.73,0.0,674.0,0.0,15.0,0.0,24635.0,79.0,36.0,0.0,0.0,0.0,0,9.3,0.9066562056541444,1,0.08811884287156603
1920915,1000.0,0,18.25,36.28,2,33219,3,4,41000.0,13,22,22.01,0.0,664.0,0.0,5.0,0.0,4005.0,93.1,6.0,0.0,0.0,0.0,0,7.8,0.9804227948188782,1,0.09306430085444384
1920920,7875.0,0,19.99,292.63,5,23127,10,4,45000.0,13,4,9.31,0.0,664.0,2.0,3.0,0.0,422.0,23.4,11.0,0.0,0.0,0.0,0,11.2,0.9007917642593384,0,-0.5187214421795723
1921699,3200.0,0,17.99,115.68,1,203,3,4,74190.0,1,6,6.58,0.0,664.0,1.0,7.0,0.0,6460.0,76.0,9.0,0.0,0.0,0.0,0,4.2,0.9225396513938904,1,0.09175044193890547
1922314,4000.0,0,18.55,145.72,3,47534,10,0,117000.0,2,35,9.42,0.0,664.0,1.0,9.0,0.0,14135.0,96.2,23.0,0.0,0.0,0.0,0,29.2,0.9007129669189453,0,0.00922382611395012
1923051,1525.0,0,17.27,54.58,0,52433,3,0,46680.0,4,13,22.19,0.0,729.0,2.0,26.0,0.0,18668.0,25.9,49.0,0.0,0.0,0.0,0,19.4,0.916469931602478,1,0.07903887923515351
1926633,25000.0,0,17.27,894.69,0,31066,1,4,100000.0,2,31,14.4,0.0,694.0,0.0,4.0,0.0,19473.0,72.1,6.0,0.0,0.0,0.0,0,5.5,0.9008748531341552,0,-0.4195065633915937
1934229,20000.0,0,19.22,735.35,4,6492,5,4,110000.0,1,31,9.11,0.0,694.0,1.0,6.0,0.0,19832.0,99.1,20.0,0.0,0.0,0.0,0,12.3,0.9029358625411988,1,0.04604375572386354
1934230,2500.0,0,17.99,90.37,1,9610,7,4,15600.0,0,9,4.62,0.0,664.0,1.0,5.0,0.0,2898.0,25.4,8.0,0.0,0.0,0.0,0,4.7,0.9058613777160645,1,0.005006889221192079
1934556,18000.0,0,18.25,653.01,2,47313,4,4,104000.0,2,31,6.0,0.0,669.0,1.0,7.0,0.0,21323.0,89.2,19.0,0.0,0.0,0.0,0,8.3,0.9100075364112854,1,0.09187726545918927
1935801,1000.0,0,17.27,35.79,2,49850,4,4,25000.0,2,10,23.18,0.0,674.0,1.0,4.0,0.0,6653.0,88.7,13.0,0.0,0.0,0.0,0,4.0,0.912938356399536,1,0.05429352269604215
1936847,30000.0,0,16.77,1066.16,1,2489,9,0,95000.0,2,35,11.91,0.0,704.0,0.0,6.0,0.0,28608.0,75.3,12.0,0.0,0.0,0.0,0,10.4,0.901663064956665,1,0.08274058815932839
1938606,5000.0,0,16.77,177.7,1,38293,10,4,85000.0,2,30,7.72,1.0,664.0,0.0,5.0,0.0,11782.0,86.6,19.0,0.0,0.0,0.0,0,10.6,0.9037597775459291,1,0.08558775236906024
